participant_id,study_day,timestamp,practice_mode,practice_minutes,presence_intensity,embodied_warmth,tears_minutes,peace,feeling_loved,gratitude,worry_relief,narrative_coherence,community_connection,distress,daily_functioning,sense_of_control,sleep_hours
SYN001,1,2026-01-12 20:07:00,communal_prayer,33,4.2,4.1,4,5.0,4.8,5.2,6.7,2.2,6.1,3.4,5.4,4.3,6.2
SYN001,2,2026-01-13 20:20:00,none,0,4.8,4.2,0,5.7,3.9,4.2,4.0,6.4,5.2,5.3,4.9,6.0,7.7
SYN001,4,2026-01-15 21:46:00,silent_prayer,33,6.2,6.3,2,5.8,4.7,6.6,5.3,6.0,4.4,3.0,3.6,5.5,6.6
SYN001,6,2026-01-17 20:26:00,scripture_reflection,40,5.8,4.1,7,7.7,4.3,6.6,6.3,3.9,4.0,4.2,6.1,7.2,6.4
SYN001,7,2026-01-18 20:35:00,worship,34,5.0,3.8,1,6.5,4.1,6.1,5.1,4.2,5.6,3.9,5.1,4.8,6.5
SYN001,8,2026-01-19 19:07:00,silent_prayer,29,6.9,6.1,4,7.7,6.5,6.9,5.2,4.4,3.8,3.1,6.3,6.1,7.2
SYN001,9,2026-01-20 19:45:00,worship,27,5.7,4.4,3,5.8,5.9,5.3,4.6,3.5,5.4,5.1,4.7,4.5,5.0
SYN001,10,2026-01-21 20:27:00,scripture_reflection,32,2.7,3.0,0,5.4,3.0,1.0,4.1,1.3,4.1,3.2,5.0,4.7,6.6
SYN001,11,2026-01-22 20:04:00,scripture_reflection,20,4.5,5.9,12,6.1,3.7,5.7,6.0,1.9,4.8,3.7,4.0,5.0,6.1
SYN001,12,2026-01-23 20:00:00,silent_prayer,32,1.6,3.3,0,3.3,2.8,3.2,3.8,5.1,4.6,3.7,4.2,3.6,6.3
SYN001,13,2026-01-24 19:07:00,communal_prayer,44,5.0,3.9,3,5.2,6.2,4.9,5.1,2.2,5.6,4.0,4.7,5.6,6.9
SYN001,14,2026-01-25 20:14:00,silent_prayer,27,4.7,4.5,3,4.9,6.0,7.1,5.6,5.1,2.2,4.3,4.2,2.1,7.2
SYN001,15,2026-01-26 20:19:00,none,0,3.6,3.1,0,3.3,2.4,5.5,4.1,1.8,4.6,5.1,5.8,4.0,5.5
SYN001,17,2026-01-28 20:09:00,silent_prayer,4,4.2,5.1,0,4.4,6.4,6.0,4.6,3.4,4.5,6.6,3.8,6.3,7.3
SYN001,18,2026-01-29 20:04:00,worship,38,5.4,4.8,2,6.3,8.1,5.5,4.4,4.7,5.0,2.0,5.5,4.8,6.4
SYN001,20,2026-01-31 20:00:00,scripture_reflection,26,6.5,4.0,2,5.4,7.9,8.1,6.1,4.0,5.8,3.6,7.1,4.6,7.5
SYN002,1,2026-01-12 19:36:00,worship,13,3.5,3.5,1,4.7,1.9,7.1,6.5,5.5,6.5,2.0,5.6,6.2,6.5
SYN002,2,2026-01-13 21:01:00,silent_prayer,3,3.3,0.7,0,5.2,4.9,2.7,4.2,3.3,3.1,0.0,6.3,6.0,6.5
SYN002,4,2026-01-15 21:13:00,worship,32,5.9,7.4,0,6.7,6.7,5.4,6.8,4.2,6.8,0.0,5.0,6.7,7.1
SYN002,5,2026-01-16 21:01:00,silent_prayer,17,3.3,2.1,12,4.9,3.2,6.5,4.8,4.8,4.8,0.5,7.1,4.4,7.6
SYN002,6,2026-01-17 21:02:00,scripture_reflection,13,4.2,4.9,0,4.7,3.7,6.5,7.2,3.1,4.3,0.0,6.1,3.7,5.3
SYN002,7,2026-01-18 20:24:00,silent_prayer,31,3.3,3.9,9,3.6,2.3,5.1,3.6,2.5,5.1,2.3,6.2,3.7,7.4
SYN002,8,2026-01-19 19:28:00,silent_prayer,21,4.0,2.0,2,4.1,4.3,4.4,5.0,3.9,3.1,0.7,7.5,5.2,6.1
SYN002,9,2026-01-20 20:50:00,silent_prayer,16,3.1,2.5,1,3.7,1.5,3.1,2.8,3.6,4.7,1.2,6.3,5.2,7.5
SYN002,10,2026-01-21 19:43:00,worship,38,4.0,1.8,1,2.6,4.6,3.9,5.8,4.2,5.8,2.5,5.4,2.7,5.1
SYN002,11,2026-01-22 19:54:00,communal_prayer,35,2.7,3.3,5,2.9,3.5,3.0,4.4,3.5,6.1,0.9,5.0,5.0,6.7
SYN002,12,2026-01-23 19:35:00,scripture_reflection,6,3.8,4.8,0,5.5,2.6,4.0,2.9,2.4,5.9,0.9,5.8,5.2,7.4
SYN002,13,2026-01-24 19:48:00,worship,29,6.2,5.6,1,6.8,3.6,5.6,5.0,3.8,7.8,1.0,7.7,5.7,5.5
SYN002,14,2026-01-25 18:46:00,silent_prayer,3,2.8,2.3,4,4.3,2.4,5.0,6.0,3.3,2.5,0.9,6.3,5.0,6.2
SYN002,15,2026-01-26 20:28:00,communal_prayer,35,4.5,4.7,0,4.6,5.0,3.8,5.0,3.3,8.6,1.0,5.9,4.8,7.1
SYN002,16,2026-01-27 19:37:00,silent_prayer,13,4.6,5.2,4,4.5,4.6,3.1,5.7,6.0,4.5,2.2,4.5,5.5,7.6
SYN002,17,2026-01-28 21:01:00,worship,24,4.6,5.6,0,4.0,5.5,5.4,4.7,4.4,6.2,1.5,5.3,6.4,5.0
SYN002,18,2026-01-29 20:48:00,communal_prayer,39,5.0,3.2,2,5.1,5.9,4.1,6.2,5.1,6.2,1.1,4.9,5.4,7.6
SYN002,19,2026-01-30 19:36:00,worship,43,6.5,5.6,4,6.6,6.1,5.4,7.8,4.7,8.0,0.2,5.6,6.2,6.0
SYN002,21,2026-02-01 20:43:00,worship,22,4.2,4.2,0,6.4,5.1,3.2,4.7,3.8,5.1,1.2,7.6,5.6,7.8
SYN003,1,2026-01-12 18:59:00,none,0,2.6,0.7,3,3.7,2.2,3.5,2.9,2.3,4.5,4.9,2.9,4.7,8.1
SYN003,2,2026-01-13 19:34:00,communal_prayer,54,5.9,5.4,1,5.1,6.0,6.2,7.7,3.4,5.8,2.6,5.1,3.4,6.3
SYN003,3,2026-01-14 19:57:00,worship,43,5.1,3.9,3,6.2,4.7,6.9,4.3,5.6,5.0,3.7,4.5,5.1,5.7
SYN003,4,2026-01-15 21:22:00,silent_prayer,25,6.5,3.8,1,5.4,6.4,5.6,4.6,4.1,5.5,4.5,5.4,5.1,7.1
SYN003,5,2026-01-16 20:23:00,worship,30,4.0,1.2,1,4.6,3.7,4.6,3.5,5.2,4.5,5.7,4.0,4.7,6.5
SYN003,6,2026-01-17 21:11:00,none,0,2.6,1.7,3,4.4,2.7,4.2,2.3,2.9,3.5,5.0,5.4,4.9,7.7
SYN003,7,2026-01-18 19:29:00,silent_prayer,11,4.2,3.3,0,3.5,3.6,5.1,4.7,5.7,4.7,6.4,4.1,4.4,6.8
SYN003,8,2026-01-19 20:23:00,worship,28,4.8,6.0,3,5.8,6.5,5.3,5.2,5.7,5.3,5.0,4.1,4.7,8.4
SYN003,9,2026-01-20 19:48:00,communal_prayer,38,4.7,4.7,1,6.0,3.7,4.9,4.0,4.6,6.9,2.6,4.8,6.5,4.8
SYN003,11,2026-01-22 20:08:00,none,0,4.1,3.9,1,4.8,5.7,4.1,4.6,3.3,3.4,3.4,5.4,4.9,7.6
SYN003,13,2026-01-24 19:17:00,communal_prayer,28,5.5,5.8,1,6.4,6.3,5.3,5.5,5.7,7.4,3.5,5.1,5.3,6.4
SYN003,14,2026-01-25 20:22:00,worship,40,4.5,3.3,1,4.9,2.8,5.4,4.9,5.8,6.4,3.5,5.4,5.4,7.4
SYN003,15,2026-01-26 20:26:00,silent_prayer,28,6.1,4.0,3,6.9,6.7,8.0,7.1,7.0,5.4,3.0,6.3,4.9,8.0
SYN003,16,2026-01-27 19:13:00,scripture_reflection,28,4.0,0.0,2,3.6,4.3,8.0,4.9,2.2,3.9,6.1,4.4,4.2,7.0
SYN003,17,2026-01-28 21:24:00,scripture_reflection,28,4.3,5.2,3,4.6,4.5,3.9,3.4,2.1,3.8,4.4,4.5,4.3,7.9
SYN003,19,2026-01-30 19:58:00,silent_prayer,10,2.2,2.8,1,4.7,2.7,4.2,4.5,2.2,0.0,3.8,5.9,5.7,6.6
SYN003,20,2026-01-31 19:58:00,communal_prayer,33,6.4,4.3,1,4.5,6.1,6.5,8.2,4.4,4.9,3.1,6.0,5.0,6.6
SYN003,21,2026-02-01 20:08:00,scripture_reflection,27,5.0,7.2,2,6.3,4.9,5.7,6.5,5.7,5.8,2.2,6.1,5.5,8.0
SYN004,1,2026-01-12 20:35:00,communal_prayer,33,5.4,4.6,1,6.2,3.6,5.9,5.4,5.5,7.6,2.0,4.3,5.7,5.7
SYN004,2,2026-01-13 19:32:00,worship,36,5.2,5.2,1,3.0,3.7,7.3,5.7,4.0,6.4,1.4,6.6,3.9,7.4
SYN004,3,2026-01-14 19:48:00,scripture_reflection,24,5.6,4.2,3,4.0,5.9,7.6,6.0,3.6,4.1,4.5,1.9,4.3,6.5
SYN004,4,2026-01-15 18:41:00,worship,27,5.2,5.8,0,4.5,5.8,5.1,3.4,4.8,6.1,5.7,5.2,4.1,7.3
SYN004,6,2026-01-17 20:01:00,communal_prayer,32,7.1,7.3,2,7.3,6.3,8.1,7.8,4.2,5.7,0.0,5.8,5.5,8.1
SYN004,7,2026-01-18 18:41:00,worship,43,4.9,4.3,0,5.3,5.6,6.7,4.1,3.2,5.5,2.6,5.6,4.0,7.0
SYN004,8,2026-01-19 20:01:00,communal_prayer,40,5.7,3.7,0,4.8,6.9,7.0,5.5,6.0,4.3,2.5,5.2,5.2,4.8
SYN004,9,2026-01-20 18:38:00,silent_prayer,3,5.4,4.7,1,5.7,5.6,6.8,4.1,5.3,3.3,2.2,5.9,6.5,7.0
SYN004,10,2026-01-21 18:45:00,silent_prayer,3,3.6,3.5,5,3.5,4.9,4.3,3.0,4.2,2.6,4.5,2.8,4.8,6.1
SYN004,11,2026-01-22 18:42:00,silent_prayer,25,5.7,5.0,1,4.7,3.8,5.8,6.3,3.7,4.5,3.6,5.0,4.1,5.2
SYN004,12,2026-01-23 18:52:00,scripture_reflection,35,7.4,5.1,2,8.1,5.0,6.6,7.3,7.0,3.4,1.4,6.3,7.7,4.8
SYN004,13,2026-01-24 19:12:00,worship,44,5.6,4.0,7,6.0,5.7,5.1,7.3,3.0,7.7,0.4,6.7,4.9,6.0
SYN004,14,2026-01-25 20:48:00,worship,32,6.3,4.6,2,5.3,4.7,5.8,6.3,5.3,5.0,3.6,6.2,4.6,6.6
SYN004,16,2026-01-27 20:34:00,communal_prayer,44,5.5,4.4,3,6.5,6.4,6.5,6.1,5.6,7.0,0.0,8.3,5.9,7.7
SYN004,17,2026-01-28 21:32:00,scripture_reflection,32,5.2,5.2,6,6.2,4.3,3.6,3.4,4.5,5.3,3.9,6.0,5.7,7.4
SYN004,18,2026-01-29 19:25:00,communal_prayer,29,5.1,6.3,0,6.3,5.5,6.1,5.5,6.6,5.0,0.9,7.6,6.0,6.8
SYN004,19,2026-01-30 19:48:00,scripture_reflection,37,5.8,5.6,0,5.8,6.1,6.2,4.8,5.7,4.5,2.0,5.3,5.4,5.6
SYN004,20,2026-01-31 20:08:00,worship,32,6.9,6.9,2,7.0,4.4,7.3,6.5,7.2,7.8,2.4,7.6,4.5,7.0
SYN004,21,2026-02-01 20:52:00,worship,18,6.1,6.1,0,6.8,5.3,5.9,5.8,5.2,5.9,1.4,8.5,6.7,7.6
SYN005,1,2026-01-12 20:50:00,communal_prayer,29,6.7,4.6,1,5.5,5.9,6.1,7.0,3.8,8.0,2.6,5.7,5.8,6.2
SYN005,2,2026-01-13 19:52:00,none,0,5.2,5.2,3,4.4,4.0,6.2,4.3,5.5,5.9,5.4,3.8,4.9,9.0
SYN005,3,2026-01-14 19:41:00,none,0,4.7,2.4,5,7.4,4.0,7.2,6.1,3.9,5.6,3.7,5.3,5.3,8.5
SYN005,4,2026-01-15 19:58:00,none,0,3.7,3.5,0,6.1,4.3,6.5,4.2,3.5,3.0,4.9,6.5,5.5,7.8
SYN005,5,2026-01-16 20:19:00,silent_prayer,19,5.9,6.1,0,5.0,6.8,8.3,5.7,4.9,5.4,2.9,4.1,5.0,5.0
SYN005,6,2026-01-17 20:10:00,worship,44,8.4,6.7,0,7.0,7.5,6.1,9.2,7.5,5.6,1.4,6.0,6.4,5.7
SYN005,7,2026-01-18 19:27:00,worship,35,5.5,6.7,1,8.1,4.7,6.4,5.4,4.8,6.5,3.2,6.1,6.6,6.6
SYN005,8,2026-01-19 21:05:00,scripture_reflection,33,3.8,3.5,5,4.8,4.0,4.4,1.7,5.1,5.0,5.5,3.5,5.4,6.0
SYN005,10,2026-01-21 20:43:00,none,0,3.4,3.9,1,3.7,3.5,4.0,3.9,3.8,4.3,4.3,4.2,4.4,8.1
SYN005,13,2026-01-24 20:54:00,worship,45,4.2,3.7,4,4.0,4.3,4.6,3.0,3.7,6.7,6.0,3.6,4.0,8.1
SYN005,14,2026-01-25 20:44:00,worship,32,5.2,4.6,0,6.3,5.6,6.3,5.3,3.3,7.3,4.0,5.5,4.9,8.6
SYN005,16,2026-01-27 18:51:00,scripture_reflection,38,4.4,5.0,0,5.0,3.9,5.4,6.5,6.9,5.0,2.1,5.1,5.5,7.8
SYN005,17,2026-01-28 20:35:00,worship,28,5.3,5.1,4,6.4,4.7,6.1,5.7,4.8,6.3,3.2,6.8,5.7,6.5
SYN005,18,2026-01-29 19:08:00,none,0,3.7,4.8,0,3.4,2.9,3.7,4.7,5.8,3.2,4.4,6.4,5.8,7.1
SYN005,19,2026-01-30 20:01:00,communal_prayer,33,4.1,3.5,1,3.1,3.4,6.0,3.2,3.1,8.3,5.0,4.5,2.6,6.8
SYN005,20,2026-01-31 20:20:00,silent_prayer,31,3.5,4.2,2,6.1,2.2,4.9,4.7,3.5,5.8,3.7,5.8,6.3,6.2
SYN005,21,2026-02-01 20:01:00,silent_prayer,16,5.6,4.4,5,6.6,4.6,4.8,4.2,4.4,4.0,5.3,5.9,5.2,5.1
SYN006,1,2026-01-12 20:21:00,communal_prayer,22,5.9,6.1,3,5.9,4.7,6.5,6.6,5.1,7.3,4.8,5.0,3.9,7.2
SYN006,2,2026-01-13 19:30:00,scripture_reflection,14,6.9,5.6,4,6.6,7.4,6.6,7.9,4.5,5.3,4.2,4.6,4.1,6.7
SYN006,3,2026-01-14 19:03:00,silent_prayer,14,5.1,5.9,1,4.7,3.7,5.3,5.3,4.4,4.9,5.5,2.4,3.3,7.0
SYN006,4,2026-01-15 19:24:00,scripture_reflection,37,5.8,5.7,1,3.2,4.9,6.1,4.1,3.9,2.5,5.3,3.5,3.9,6.0
SYN006,5,2026-01-16 20:44:00,none,0,3.0,4.8,0,5.6,4.6,4.4,4.3,3.2,4.4,4.2,4.9,5.7,7.0
SYN006,6,2026-01-17 21:16:00,worship,35,4.1,5.5,0,5.2,5.5,4.3,7.1,2.2,4.4,0.9,5.1,4.9,7.4
SYN006,7,2026-01-18 20:26:00,none,0,4.0,4.4,0,4.1,5.7,5.8,3.5,4.2,2.2,4.8,5.5,5.7,5.8
SYN006,8,2026-01-19 19:52:00,communal_prayer,42,5.8,2.7,5,6.3,5.3,4.2,6.5,5.3,6.4,3.5,5.2,4.4,7.7
SYN006,9,2026-01-20 19:29:00,none,0,4.7,3.9,3,4.2,5.0,5.3,5.7,3.7,5.5,2.7,5.5,5.6,5.7
SYN006,10,2026-01-21 21:13:00,scripture_reflection,13,5.6,6.5,1,4.6,4.3,5.9,4.0,4.3,4.2,6.9,4.7,4.7,7.4
SYN006,11,2026-01-22 19:08:00,worship,28,8.3,6.6,3,5.4,7.7,9.8,8.1,5.4,7.0,3.5,4.9,6.5,7.6
SYN006,12,2026-01-23 20:13:00,communal_prayer,27,5.4,6.2,1,4.7,4.8,5.3,5.8,5.3,7.0,5.6,4.2,4.8,5.9
SYN006,13,2026-01-24 21:08:00,silent_prayer,41,3.5,5.1,2,2.9,3.5,6.1,2.6,1.8,1.8,5.8,4.9,4.0,4.3
SYN006,14,2026-01-25 20:20:00,none,0,4.5,1.9,4,4.3,6.0,4.7,3.6,4.4,2.2,2.7,4.7,5.9,6.7
SYN006,15,2026-01-26 20:32:00,worship,27,4.6,5.6,6,6.0,4.8,3.4,5.2,3.1,3.5,3.8,6.0,4.8,6.3
SYN006,16,2026-01-27 19:58:00,silent_prayer,23,3.4,2.5,5,5.3,3.0,4.5,3.9,3.9,2.4,6.1,4.6,4.6,6.9
SYN006,17,2026-01-28 19:06:00,silent_prayer,11,7.2,4.7,8,6.4,7.4,8.1,6.1,5.3,4.8,2.4,6.1,4.8,6.3
SYN006,18,2026-01-29 20:28:00,none,0,5.8,4.8,2,7.5,5.9,5.7,7.1,5.7,4.3,2.3,6.0,3.9,6.6
SYN006,19,2026-01-30 19:59:00,communal_prayer,22,7.6,6.7,7,8.7,6.5,7.4,9.6,5.4,6.9,1.7,8.3,6.7,5.3
SYN006,20,2026-01-31 18:43:00,communal_prayer,40,6.9,4.5,2,7.7,7.9,6.4,7.4,3.6,5.9,1.8,6.5,5.0,7.3
SYN007,1,2026-01-12 20:53:00,scripture_reflection,20,4.9,6.2,4,4.7,2.9,4.5,6.5,2.8,3.8,0.3,4.9,4.7,6.8
SYN007,2,2026-01-13 19:47:00,silent_prayer,30,8.3,8.5,6,5.6,7.2,7.9,6.0,7.2,6.0,0.8,5.5,5.3,7.6
SYN007,4,2026-01-15 22:11:00,scripture_reflection,46,4.0,6.3,6,4.5,4.4,4.6,3.6,2.6,2.8,1.2,4.7,4.8,6.5
SYN007,5,2026-01-16 21:05:00,silent_prayer,8,4.0,4.5,2,4.4,3.3,6.4,4.2,4.2,3.7,0.0,5.8,3.3,6.4
SYN007,7,2026-01-18 20:22:00,worship,23,8.8,6.7,5,8.2,7.9,7.7,10.0,6.2,5.3,0.0,6.9,6.7,7.5
SYN007,8,2026-01-19 19:50:00,worship,23,5.2,2.4,1,6.5,5.9,6.4,7.3,3.8,5.4,1.8,4.9,5.7,6.2
SYN007,9,2026-01-20 19:42:00,worship,44,4.9,3.5,0,7.5,7.0,8.2,5.5,6.3,6.6,0.3,5.0,5.2,5.6
SYN007,10,2026-01-21 19:13:00,scripture_reflection,19,4.0,3.0,0,5.5,3.2,4.8,5.8,4.2,3.4,2.2,6.4,5.4,6.1
SYN007,13,2026-01-24 19:56:00,communal_prayer,45,5.7,6.5,3,6.5,6.5,6.0,5.8,4.6,5.3,0.1,7.9,7.5,7.3
SYN007,14,2026-01-25 19:56:00,worship,36,5.4,6.4,13,5.0,5.7,6.2,6.6,3.9,6.0,1.4,7.1,4.3,7.6
SYN007,15,2026-01-26 20:05:00,scripture_reflection,34,4.5,5.6,0,4.0,5.9,4.7,4.8,4.3,3.5,2.9,4.3,4.0,7.3
SYN007,16,2026-01-27 20:12:00,silent_prayer,12,5.9,4.8,0,8.1,3.9,6.6,6.9,5.6,3.0,0.7,8.6,6.9,5.9
SYN007,17,2026-01-28 19:21:00,silent_prayer,25,5.6,6.5,1,8.1,5.9,5.7,5.9,4.9,4.0,0.0,7.3,7.4,5.7
SYN007,18,2026-01-29 20:24:00,communal_prayer,23,5.8,3.4,11,5.7,5.1,5.8,6.8,6.0,4.9,1.7,5.6,5.3,7.7
SYN007,19,2026-01-30 20:41:00,silent_prayer,9,3.8,5.0,2,3.5,4.2,5.6,4.5,2.0,3.5,1.7,6.1,5.5,7.0
SYN007,21,2026-02-01 20:50:00,worship,16,7.1,3.1,8,6.6,6.2,7.8,8.9,6.7,6.4,0.0,9.2,7.5,6.1
SYN008,1,2026-01-12 20:42:00,none,0,3.3,3.4,0,4.5,4.2,4.2,3.9,0.7,1.9,3.3,4.6,3.8,6.5
SYN008,2,2026-01-13 19:51:00,none,0,4.8,4.4,2,5.0,4.2,5.0,3.6,5.8,3.3,1.7,3.6,5.4,6.7
SYN008,3,2026-01-14 19:52:00,scripture_reflection,16,6.4,4.3,10,4.4,5.5,6.2,5.0,3.8,5.1,3.9,4.0,5.2,5.8
SYN008,4,2026-01-15 20:37:00,communal_prayer,34,6.2,4.4,1,5.8,3.9,7.8,5.3,6.6,6.3,1.1,5.0,7.7,5.4
SYN008,5,2026-01-16 20:23:00,silent_prayer,5,4.0,3.3,3,5.3,2.4,4.1,3.9,3.0,1.0,2.0,5.3,5.6,6.5
SYN008,6,2026-01-17 20:25:00,scripture_reflection,28,4.6,2.4,0,4.2,4.4,4.2,5.0,5.2,1.5,2.3,4.5,4.5,6.3
SYN008,7,2026-01-18 18:56:00,none,0,3.4,4.0,12,3.5,4.0,4.9,4.4,5.3,2.2,1.9,5.8,5.5,5.9
SYN008,8,2026-01-19 20:43:00,worship,12,6.0,5.7,0,5.2,5.6,6.1,4.6,4.8,4.8,1.7,5.7,4.6,6.8
SYN008,9,2026-01-20 20:36:00,silent_prayer,45,5.8,4.0,0,8.2,7.6,5.4,6.4,2.7,3.8,2.1,5.2,5.0,5.5
SYN008,10,2026-01-21 20:42:00,silent_prayer,9,4.7,5.0,0,6.2,4.2,6.9,4.4,4.0,2.4,2.8,4.9,5.3,8.8
SYN008,11,2026-01-22 18:57:00,silent_prayer,16,3.3,3.8,2,4.8,5.1,4.1,3.7,2.3,2.2,1.8,5.6,5.5,6.1
SYN008,12,2026-01-23 19:09:00,scripture_reflection,35,4.2,3.2,0,2.2,4.8,4.3,3.8,2.3,0.9,3.0,5.6,2.5,6.3
SYN008,13,2026-01-24 19:56:00,communal_prayer,46,4.4,6.2,1,5.0,5.0,4.9,3.2,2.6,5.4,3.7,5.1,5.2,7.8
SYN008,14,2026-01-25 21:14:00,communal_prayer,21,7.2,6.5,0,6.7,6.4,8.8,7.9,6.7,4.4,0.9,7.3,5.8,6.9
SYN008,16,2026-01-27 19:11:00,scripture_reflection,3,5.7,5.6,3,4.3,5.7,5.3,4.0,3.1,4.0,3.8,5.1,4.7,4.4
SYN008,17,2026-01-28 20:45:00,silent_prayer,21,5.5,6.8,1,4.8,7.2,6.0,5.1,4.7,4.0,3.2,5.3,5.0,6.8
SYN008,19,2026-01-30 20:05:00,none,0,2.5,1.6,0,3.1,1.5,2.9,2.1,3.7,3.7,6.2,3.8,4.9,6.8
SYN008,20,2026-01-31 19:52:00,communal_prayer,46,7.5,5.3,7,7.0,5.9,6.8,7.0,6.8,6.9,0.3,5.8,6.5,6.1
SYN008,21,2026-02-01 19:38:00,worship,26,7.2,4.0,0,6.3,6.5,6.3,6.4,5.3,4.2,0.0,8.2,6.4,7.3
SYN009,1,2026-01-12 20:54:00,silent_prayer,19,5.5,5.5,7,5.9,5.2,5.7,5.0,3.5,4.9,1.4,5.6,4.8,6.9
SYN009,2,2026-01-13 21:27:00,communal_prayer,32,4.8,2.2,0,4.6,4.6,3.0,5.5,6.9,7.0,1.1,5.2,6.9,6.0
SYN009,4,2026-01-15 18:47:00,worship,26,5.2,4.7,1,5.9,4.2,7.0,6.2,5.1,5.8,0.9,6.3,5.5,7.0
SYN009,5,2026-01-16 19:47:00,silent_prayer,22,5.1,4.2,2,4.8,3.7,5.4,5.7,5.6,2.2,1.3,4.6,4.7,5.5
SYN009,6,2026-01-17 19:19:00,silent_prayer,16,5.5,3.5,1,7.2,6.5,6.7,8.7,3.7,4.4,1.0,7.4,5.9,5.0
SYN009,7,2026-01-18 20:01:00,worship,22,3.4,3.7,0,5.2,2.4,5.1,6.3,2.9,3.5,1.3,6.3,5.8,7.2
SYN009,9,2026-01-20 20:08:00,silent_prayer,8,5.6,5.6,2,5.4,5.6,4.7,7.6,4.2,2.9,1.8,4.6,4.2,7.5
SYN009,11,2026-01-22 20:44:00,none,0,5.4,6.6,1,4.4,5.0,5.2,6.9,6.4,2.5,3.6,4.9,5.5,7.0
SYN009,12,2026-01-23 19:53:00,silent_prayer,3,3.8,4.4,0,2.0,3.7,3.0,3.9,4.5,2.0,2.9,5.1,2.8,6.4
SYN009,13,2026-01-24 20:36:00,worship,26,2.7,3.4,6,2.2,3.6,1.7,4.0,4.5,4.2,3.9,5.8,3.9,6.5
SYN009,15,2026-01-26 20:50:00,silent_prayer,17,3.9,5.9,0,3.7,3.2,3.7,4.3,3.6,5.3,5.8,3.2,3.7,7.5
SYN009,16,2026-01-27 20:06:00,none,0,5.0,4.9,3,4.8,6.0,6.8,5.8,5.1,3.1,1.8,5.3,6.4,5.9
SYN009,17,2026-01-28 19:15:00,silent_prayer,5,5.1,4.9,2,4.8,4.9,5.4,5.0,5.1,4.5,2.9,5.2,4.9,7.3
SYN009,18,2026-01-29 19:59:00,communal_prayer,16,4.2,4.0,0,3.9,3.7,5.0,2.7,4.4,6.7,2.6,5.9,4.2,6.8
SYN009,19,2026-01-30 20:00:00,scripture_reflection,26,4.4,1.9,2,6.7,5.0,5.5,5.7,3.7,4.9,1.2,6.3,5.3,8.8
SYN009,20,2026-01-31 20:34:00,worship,34,4.6,3.9,0,6.5,5.5,5.5,7.2,2.6,4.7,0.4,7.6,4.5,7.6
SYN009,21,2026-02-01 19:25:00,scripture_reflection,19,4.2,4.5,2,4.9,3.4,7.4,4.8,3.6,4.4,0.0,5.4,5.3,6.7
SYN010,1,2026-01-12 19:46:00,silent_prayer,14,1.6,0.7,0,3.7,4.1,2.5,3.1,2.9,1.1,1.8,4.7,3.6,7.3
SYN010,2,2026-01-13 19:14:00,worship,24,4.6,5.2,2,6.4,4.4,4.3,4.5,6.0,4.4,0.4,7.6,5.2,8.0
SYN010,3,2026-01-14 19:09:00,communal_prayer,33,2.7,1.2,0,4.7,3.1,4.8,5.3,2.9,6.7,1.2,5.1,4.0,7.0
SYN010,4,2026-01-15 18:50:00,silent_prayer,17,3.1,2.2,2,3.8,2.2,4.0,3.5,2.9,1.1,1.2,5.0,4.8,7.3
SYN010,5,2026-01-16 20:07:00,scripture_reflection,22,3.8,3.5,1,3.8,4.6,5.9,2.9,4.4,2.8,2.3,5.2,3.5,6.4
SYN010,6,2026-01-17 20:26:00,silent_prayer,23,4.4,4.3,0,4.4,4.1,3.9,3.3,4.5,4.7,3.5,4.7,5.9,5.5
SYN010,7,2026-01-18 19:27:00,communal_prayer,14,2.7,1.0,0,4.0,1.9,4.6,4.1,3.3,4.0,1.2,4.9,4.4,7.6
SYN010,8,2026-01-19 20:37:00,worship,27,4.3,4.4,0,5.1,3.9,6.3,5.2,4.1,4.5,1.4,6.3,5.5,4.5
SYN010,9,2026-01-20 20:58:00,communal_prayer,41,3.2,3.8,2,4.9,4.9,3.9,4.0,2.9,6.0,1.7,5.6,3.9,6.9
SYN010,10,2026-01-21 19:07:00,worship,24,4.4,4.9,2,5.1,4.5,4.1,6.8,1.4,4.4,0.0,6.7,4.8,7.1
SYN010,11,2026-01-22 19:25:00,none,0,4.3,5.7,0,3.4,5.1,6.4,5.1,4.6,2.9,0.0,5.1,3.7,6.5
SYN010,12,2026-01-23 20:34:00,scripture_reflection,23,4.0,3.2,6,6.8,4.2,6.3,5.2,4.0,4.0,0.0,7.0,5.6,6.1
SYN010,13,2026-01-24 20:30:00,silent_prayer,9,2.1,3.4,0,4.2,3.4,5.0,3.1,3.1,2.1,1.7,5.7,3.3,7.3
SYN010,14,2026-01-25 19:28:00,none,0,1.4,3.3,0,5.0,2.6,4.4,2.6,1.4,1.0,1.7,6.2,3.4,5.4
SYN010,15,2026-01-26 19:56:00,silent_prayer,26,3.2,5.3,2,5.2,5.6,4.6,3.7,2.8,4.2,1.0,7.2,5.6,7.2
SYN010,16,2026-01-27 20:18:00,none,0,4.4,2.4,0,5.7,6.2,4.6,4.9,3.6,2.2,0.0,7.4,4.5,5.3
SYN010,17,2026-01-28 21:06:00,silent_prayer,3,2.9,2.4,3,5.1,2.7,4.8,3.6,2.2,2.0,1.2,5.6,4.5,6.4
SYN010,18,2026-01-29 20:12:00,communal_prayer,59,6.8,3.0,2,7.0,6.5,7.3,7.3,4.3,6.5,0.0,7.3,4.7,7.1
SYN010,19,2026-01-30 20:28:00,communal_prayer,46,3.4,2.6,2,6.3,3.1,4.6,6.9,3.7,5.8,0.0,7.1,7.6,7.5
SYN010,20,2026-01-31 20:05:00,worship,44,4.0,2.0,1,5.8,3.8,4.0,6.0,3.0,3.6,0.0,7.4,5.9,6.9
SYN010,21,2026-02-01 18:30:00,scripture_reflection,31,1.8,1.9,1,5.5,2.2,4.8,4.3,3.9,1.5,1.0,7.2,5.8,7.9
SYN011,1,2026-01-12 20:06:00,silent_prayer,32,5.7,1.5,8,3.3,5.3,7.2,5.2,5.4,3.8,2.6,5.4,3.9,7.2
SYN011,3,2026-01-14 19:41:00,silent_prayer,3,4.8,0.8,2,5.0,4.4,4.7,5.5,2.3,6.7,0.0,5.5,4.4,6.7
SYN011,4,2026-01-15 19:46:00,communal_prayer,42,3.8,3.0,0,4.5,4.0,4.2,6.3,3.5,6.9,0.8,5.8,4.5,7.2
SYN011,5,2026-01-16 20:08:00,worship,11,4.3,2.5,6,3.5,5.5,4.6,3.7,5.5,7.3,3.0,5.4,4.9,6.6
SYN011,6,2026-01-17 19:00:00,communal_prayer,45,4.3,2.8,0,4.0,3.8,4.5,4.2,3.5,6.1,1.9,4.3,6.9,8.7
SYN011,7,2026-01-18 20:03:00,silent_prayer,25,5.2,3.0,3,5.7,4.8,5.9,5.8,6.8,3.1,0.3,6.5,6.4,8.5
SYN011,8,2026-01-19 20:16:00,silent_prayer,12,3.2,1.1,0,3.4,1.3,5.2,3.8,4.3,4.4,3.3,3.2,3.8,7.2
SYN011,9,2026-01-20 20:06:00,scripture_reflection,19,4.5,3.7,0,4.7,5.5,4.7,4.7,4.4,2.5,0.8,4.6,6.0,7.9
SYN011,10,2026-01-21 19:11:00,scripture_reflection,25,4.5,5.8,1,6.2,3.2,7.2,5.6,5.9,3.6,0.0,6.8,4.0,6.9
SYN011,11,2026-01-22 19:31:00,scripture_reflection,32,3.0,1.8,5,4.6,3.8,2.5,3.2,3.6,3.5,2.7,4.5,5.6,5.6
SYN011,12,2026-01-23 21:15:00,worship,32,4.8,5.4,0,6.3,3.9,5.6,4.9,5.1,4.7,0.8,6.9,6.1,6.2
SYN011,13,2026-01-24 20:53:00,none,0,4.0,3.0,1,6.3,4.6,5.3,7.5,1.5,4.4,0.5,7.0,4.4,6.6
SYN011,14,2026-01-25 22:05:00,scripture_reflection,26,3.9,3.2,2,5.6,1.8,3.9,7.5,3.4,4.5,0.0,5.7,6.0,5.3
SYN011,15,2026-01-26 19:38:00,scripture_reflection,24,5.0,5.5,2,5.2,5.8,6.5,4.9,3.7,5.5,2.9,4.6,3.3,6.3
SYN011,16,2026-01-27 19:02:00,silent_prayer,22,5.6,5.0,0,6.9,4.5,8.4,5.4,3.4,4.1,1.6,6.6,5.9,8.0
SYN011,17,2026-01-28 20:01:00,silent_prayer,23,3.2,2.3,1,3.8,1.5,6.2,3.4,2.5,2.1,3.9,5.5,5.2,6.4
SYN011,18,2026-01-29 19:51:00,worship,34,5.2,4.7,0,4.6,4.6,5.8,6.4,4.7,4.9,3.4,5.0,4.4,7.1
SYN011,20,2026-01-31 19:27:00,silent_prayer,17,5.8,4.6,0,6.8,5.9,7.1,6.0,7.6,4.5,0.0,7.0,7.4,5.7
SYN011,21,2026-02-01 20:10:00,worship,25,4.8,4.9,0,5.8,7.4,5.9,6.0,2.2,6.5,1.3,5.4,4.8,6.7
SYN012,1,2026-01-12 20:29:00,worship,32,6.6,7.9,5,4.3,4.8,6.5,4.6,4.1,7.1,6.2,3.0,4.8,4.4
SYN012,3,2026-01-14 19:19:00,none,0,4.4,5.9,0,4.4,3.9,4.7,6.2,4.8,4.7,2.8,4.3,4.5,7.1
SYN012,4,2026-01-15 19:49:00,silent_prayer,45,6.0,6.7,1,5.0,4.5,6.8,7.2,7.5,3.7,4.8,3.9,4.6,6.5
SYN012,5,2026-01-16 19:36:00,silent_prayer,21,4.2,6.2,10,4.8,3.4,4.3,4.3,4.8,4.4,5.2,5.0,2.6,5.6
SYN012,6,2026-01-17 18:51:00,worship,22,7.3,8.3,6,6.3,6.2,5.6,6.8,7.3,5.6,3.2,5.9,5.8,7.6
SYN012,7,2026-01-18 18:39:00,worship,37,6.2,6.6,0,5.1,6.1,7.1,6.2,5.4,4.9,3.2,5.1,5.4,7.0
SYN012,8,2026-01-19 20:38:00,communal_prayer,23,5.4,6.2,0,4.9,5.2,8.0,5.9,5.9,6.7,4.8,4.9,3.6,6.6
SYN012,9,2026-01-20 19:29:00,none,0,5.4,5.5,0,5.0,4.9,7.9,5.2,3.3,3.9,5.2,4.7,4.3,7.9
SYN012,10,2026-01-21 18:49:00,silent_prayer,3,4.4,5.4,2,3.8,4.3,4.9,5.4,3.9,2.9,5.0,4.0,2.9,6.9
SYN012,11,2026-01-22 19:36:00,worship,41,5.9,4.9,1,5.3,6.8,5.9,7.1,5.3,7.1,2.3,5.8,4.7,6.3
SYN012,12,2026-01-23 20:55:00,scripture_reflection,38,5.2,5.6,7,3.8,5.6,4.3,7.7,5.1,4.3,4.4,4.2,4.1,7.3
SYN012,13,2026-01-24 20:24:00,worship,35,5.2,5.1,0,5.7,5.5,5.7,6.4,4.3,6.1,2.5,5.7,3.6,7.1
SYN012,14,2026-01-25 20:57:00,silent_prayer,14,5.6,4.3,0,4.7,6.6,5.3,3.8,6.2,4.3,3.9,5.3,4.3,6.7
SYN012,15,2026-01-26 19:23:00,communal_prayer,42,6.2,6.6,0,6.1,8.7,6.0,6.0,5.2,5.3,2.6,5.8,6.3,9.4
SYN012,16,2026-01-27 19:43:00,communal_prayer,23,7.0,6.8,9,6.4,6.3,6.7,7.3,5.3,6.4,3.9,5.8,5.6,6.3
SYN012,17,2026-01-28 17:25:00,scripture_reflection,32,6.4,5.7,6,5.6,5.3,4.8,5.5,4.4,3.8,2.8,5.8,5.2,6.0
SYN012,18,2026-01-29 20:42:00,worship,48,5.5,5.1,1,6.7,5.7,5.3,5.4,3.6,6.2,4.1,6.4,5.5,6.3
SYN012,19,2026-01-30 20:37:00,none,0,3.5,6.2,4,2.6,2.4,5.9,1.7,4.6,4.0,4.4,4.7,4.6,6.4
SYN012,20,2026-01-31 20:37:00,none,0,6.6,3.3,1,5.3,4.6,6.9,7.3,4.9,3.5,4.6,6.3,4.5,7.3
SYN012,21,2026-02-01 19:21:00,worship,21,7.3,7.4,0,7.4,8.8,7.6,6.8,5.0,6.4,1.9,8.4,5.3,7.3
SYN013,2,2026-01-13 20:42:00,worship,37,5.6,4.3,0,5.9,6.8,4.7,5.7,4.9,4.5,0.0,5.6,6.8,6.4
SYN013,3,2026-01-14 19:15:00,communal_prayer,47,5.5,4.2,1,7.2,4.5,5.3,6.1,3.6,6.6,2.6,6.2,5.7,7.8
SYN013,4,2026-01-15 20:14:00,worship,23,4.6,6.6,5,7.2,3.8,2.8,7.1,5.5,7.3,1.0,6.5,7.4,7.4
SYN013,6,2026-01-17 20:51:00,silent_prayer,19,5.3,4.5,3,6.6,3.8,5.4,6.9,5.1,3.5,0.0,8.0,6.0,7.4
SYN013,7,2026-01-18 20:00:00,silent_prayer,3,3.7,2.8,0,6.6,4.7,5.3,5.1,2.6,3.8,1.2,7.3,4.2,6.7
SYN013,8,2026-01-19 20:10:00,none,0,3.0,4.5,2,2.9,4.8,3.5,3.0,2.9,3.5,2.7,4.8,2.0,7.6
SYN013,9,2026-01-20 18:56:00,worship,35,4.6,4.0,4,5.7,4.7,5.0,4.4,3.9,7.5,2.7,5.1,5.1,6.5
SYN013,10,2026-01-21 19:20:00,silent_prayer,15,4.4,2.9,2,5.0,5.7,4.1,4.9,3.1,6.1,3.1,6.2,5.3,5.6
SYN013,11,2026-01-22 20:29:00,scripture_reflection,7,4.1,4.0,0,4.5,4.8,5.9,4.5,2.9,2.1,0.9,5.7,4.4,7.3
SYN013,12,2026-01-23 20:05:00,worship,34,4.7,3.1,0,5.7,4.1,4.5,3.2,6.5,5.8,1.9,5.4,6.1,8.2
SYN013,13,2026-01-24 18:48:00,scripture_reflection,18,3.1,5.4,5,3.7,3.5,5.0,3.9,3.1,4.6,2.2,5.5,3.6,6.2
SYN013,14,2026-01-25 20:05:00,scripture_reflection,28,6.3,4.8,0,6.3,5.6,4.1,3.5,4.2,3.5,3.3,4.7,5.3,6.3
SYN013,15,2026-01-26 19:41:00,silent_prayer,27,3.2,2.9,0,4.0,2.7,2.8,1.6,3.7,4.3,3.1,5.2,2.0,5.4
SYN013,16,2026-01-27 20:02:00,silent_prayer,22,4.6,3.8,1,4.4,5.3,6.2,4.6,5.9,2.9,1.9,5.3,5.0,6.1
SYN013,17,2026-01-28 18:14:00,scripture_reflection,23,3.1,4.6,1,4.2,3.1,3.1,4.1,4.3,4.0,3.4,2.8,3.9,6.6
SYN013,19,2026-01-30 20:22:00,scripture_reflection,16,3.6,4.7,3,4.8,3.7,4.9,4.7,2.2,4.9,3.3,5.6,4.3,5.0
SYN013,20,2026-01-31 18:57:00,communal_prayer,22,3.1,1.4,0,4.8,5.9,3.7,5.1,2.3,6.3,0.0,6.5,4.2,8.9
SYN013,21,2026-02-01 19:58:00,communal_prayer,38,5.7,5.2,0,6.1,6.6,4.2,5.6,6.0,7.4,2.9,6.9,3.8,8.5
SYN014,1,2026-01-12 19:45:00,scripture_reflection,31,2.0,4.0,0,4.0,3.7,2.5,2.8,2.2,2.4,1.5,4.9,4.2,6.9
SYN014,2,2026-01-13 19:31:00,communal_prayer,40,5.2,2.2,0,4.5,6.3,6.6,4.8,3.4,4.7,0.0,5.7,6.1,5.7
SYN014,3,2026-01-14 20:16:00,worship,37,5.6,5.1,2,5.8,6.9,6.9,6.4,4.9,4.7,3.0,4.4,4.3,7.1
SYN014,4,2026-01-15 21:12:00,scripture_reflection,32,3.0,3.3,3,3.9,1.9,4.2,5.2,4.4,2.8,1.9,3.7,4.5,6.4
SYN014,5,2026-01-16 21:01:00,worship,9,3.6,3.5,2,3.4,3.5,4.8,3.0,3.8,4.0,1.6,4.7,5.1,6.7
SYN014,6,2026-01-17 18:35:00,communal_prayer,44,4.5,3.0,3,5.5,4.8,6.2,6.0,4.8,5.7,1.2,5.4,6.8,8.6
SYN014,7,2026-01-18 19:35:00,none,0,4.1,3.8,9,6.3,5.5,3.6,5.1,4.2,4.0,1.0,6.4,5.1,6.9
SYN014,8,2026-01-19 20:17:00,worship,29,4.9,3.7,0,6.8,6.2,5.0,6.6,3.0,4.6,0.0,6.4,4.7,7.3
SYN014,9,2026-01-20 20:47:00,worship,54,4.1,2.7,0,6.1,5.7,6.2,4.7,2.7,4.0,0.5,6.5,4.9,6.0
SYN014,11,2026-01-22 18:29:00,worship,30,4.3,4.6,0,3.4,6.6,5.9,4.2,6.0,4.7,3.0,4.9,5.8,9.5
SYN014,12,2026-01-23 19:51:00,worship,15,3.1,3.8,3,4.4,2.7,4.7,3.3,3.6,7.4,3.1,5.2,5.2,6.0
SYN014,13,2026-01-24 20:05:00,scripture_reflection,51,5.3,4.8,3,6.4,4.9,5.2,6.0,6.1,2.6,0.9,6.1,5.7,8.4
SYN014,14,2026-01-25 20:36:00,silent_prayer,23,2.7,2.1,0,3.9,2.9,5.4,3.7,3.8,3.3,2.3,3.5,4.2,5.1
SYN014,15,2026-01-26 19:59:00,worship,25,4.5,3.9,3,5.6,4.3,5.3,6.7,4.4,7.9,0.0,3.3,5.9,8.2
SYN014,16,2026-01-27 20:46:00,communal_prayer,22,3.3,4.5,0,3.7,5.5,5.1,4.3,2.9,3.3,4.5,5.0,5.3,7.0
SYN014,17,2026-01-28 20:19:00,silent_prayer,39,2.0,1.8,0,2.8,2.6,2.3,1.8,3.8,4.0,3.6,4.7,3.7,7.1
SYN014,18,2026-01-29 19:22:00,silent_prayer,23,4.9,4.0,1,5.1,3.5,4.9,4.0,3.0,2.4,0.7,5.0,4.5,5.4
SYN014,20,2026-01-31 20:20:00,silent_prayer,8,4.8,3.6,2,4.3,5.9,6.5,2.9,4.1,3.2,3.4,4.1,5.6,6.6
SYN014,21,2026-02-01 19:26:00,none,0,1.3,0.7,2,3.2,1.6,0.1,1.4,1.8,4.2,4.7,4.9,4.3,6.1
SYN015,1,2026-01-12 20:11:00,none,0,3.4,2.2,0,2.7,3.0,2.9,3.4,3.7,2.3,4.0,3.2,3.8,8.2
SYN015,2,2026-01-13 20:32:00,communal_prayer,24,5.3,4.6,1,3.7,5.7,5.2,5.1,7.1,5.4,5.3,4.7,3.4,6.5
SYN015,3,2026-01-14 19:35:00,none,0,2.1,1.7,0,2.6,4.3,2.2,2.7,1.8,1.7,4.9,4.3,1.3,6.5
SYN015,4,2026-01-15 20:01:00,scripture_reflection,25,5.2,4.3,2,4.6,4.9,3.5,5.1,3.9,3.4,2.7,4.4,5.3,6.1
SYN015,5,2026-01-16 19:37:00,silent_prayer,19,5.6,6.7,1,6.7,4.3,6.0,5.5,4.4,3.6,3.0,6.1,4.9,8.0
SYN015,7,2026-01-18 19:15:00,none,0,2.9,3.4,1,4.7,3.3,3.8,4.7,5.0,3.8,4.4,2.0,4.2,7.5
SYN015,8,2026-01-19 19:42:00,scripture_reflection,13,6.2,6.3,7,6.1,5.7,6.6,7.7,4.8,4.2,0.9,6.2,4.7,7.5
SYN015,9,2026-01-20 18:53:00,silent_prayer,11,3.7,1.8,12,3.9,4.1,4.8,2.6,2.9,3.3,5.8,4.3,4.5,5.5
SYN015,10,2026-01-21 19:32:00,worship,32,5.0,4.4,3,4.3,5.4,6.9,5.6,3.9,5.8,4.8,4.2,5.6,5.5
SYN015,11,2026-01-22 19:36:00,silent_prayer,24,6.1,5.1,4,5.8,6.1,7.0,6.1,4.7,2.9,3.3,7.3,5.1,7.1
SYN015,13,2026-01-24 21:20:00,none,0,4.4,5.8,2,4.5,4.0,6.5,4.1,4.0,2.6,4.9,5.0,3.5,6.2
SYN015,14,2026-01-25 20:22:00,communal_prayer,32,5.7,6.5,2,4.8,5.2,9.0,5.9,5.7,8.2,3.9,4.2,4.8,6.4
SYN015,15,2026-01-26 20:05:00,silent_prayer,28,6.2,5.6,6,5.2,5.8,6.5,4.9,5.2,3.9,2.3,5.4,5.4,7.1
SYN015,17,2026-01-28 20:12:00,worship,20,5.1,2.7,3,5.7,4.1,5.4,5.4,4.5,6.8,3.5,6.4,5.1,7.5
SYN015,18,2026-01-29 18:57:00,silent_prayer,10,5.8,8.2,0,5.7,4.1,5.2,5.5,4.4,4.4,3.0,5.3,6.0,5.9
SYN015,19,2026-01-30 19:30:00,scripture_reflection,13,3.8,4.9,1,2.2,4.5,5.4,5.2,3.9,5.2,1.9,5.1,3.7,7.0
SYN015,20,2026-01-31 20:04:00,worship,27,5.5,3.8,7,3.2,4.1,5.9,5.2,6.0,6.5,4.1,4.1,5.7,7.0
SYN015,21,2026-02-01 20:12:00,scripture_reflection,23,5.8,4.7,1,4.0,5.2,4.7,6.5,3.4,3.5,5.6,6.2,4.7,6.0
SYN016,1,2026-01-12 19:19:00,communal_prayer,35,6.1,3.5,1,4.7,5.4,5.8,3.7,4.5,7.7,7.4,2.2,4.5,7.4
SYN016,2,2026-01-13 20:24:00,none,0,5.7,5.8,0,6.9,6.8,5.9,7.4,3.8,4.9,2.5,5.9,4.3,8.4
SYN016,3,2026-01-14 20:12:00,scripture_reflection,11,4.2,3.3,0,6.6,4.9,2.4,4.8,4.3,4.4,4.1,5.6,5.6,8.4
SYN016,4,2026-01-15 20:03:00,none,0,5.4,4.4,4,5.2,5.0,7.7,5.8,5.6,3.7,5.4,3.9,4.6,5.5
SYN016,5,2026-01-16 19:53:00,communal_prayer,45,5.4,6.2,0,4.2,5.2,5.8,4.8,6.2,7.4,3.6,4.5,4.7,5.5
SYN016,6,2026-01-17 19:25:00,worship,20,6.7,7.0,1,5.6,6.2,7.9,5.6,4.4,5.8,2.3,6.0,5.8,5.9
SYN016,7,2026-01-18 18:30:00,worship,28,9.3,8.7,7,8.6,10.0,7.5,9.5,5.4,7.2,2.0,6.4,5.8,6.1
SYN016,8,2026-01-19 20:47:00,none,0,3.8,4.4,1,5.9,3.7,4.6,5.0,4.7,3.9,2.0,5.7,5.0,8.7
SYN016,9,2026-01-20 19:12:00,worship,18,5.8,6.3,2,6.2,6.8,7.0,5.2,5.7,6.0,4.2,5.5,4.2,6.6
SYN016,10,2026-01-21 19:26:00,none,0,5.0,3.4,3,7.0,3.5,4.1,6.3,5.8,5.2,0.5,6.8,5.7,5.7
SYN016,11,2026-01-22 19:29:00,none,0,6.0,5.9,5,7.2,7.4,6.0,4.3,6.2,6.2,3.9,4.0,4.8,7.4
SYN016,12,2026-01-23 20:52:00,silent_prayer,36,6.2,2.9,0,6.1,4.6,8.0,7.2,5.0,3.3,0.0,6.2,6.5,6.1
SYN016,13,2026-01-24 20:33:00,silent_prayer,3,3.8,3.0,0,4.9,4.4,5.0,4.0,5.1,6.0,2.5,5.1,4.6,6.1
SYN016,14,2026-01-25 21:15:00,communal_prayer,38,6.0,4.4,5,7.2,6.0,7.5,4.5,3.4,5.6,3.4,5.3,5.7,6.2
SYN016,15,2026-01-26 20:55:00,none,0,4.6,1.9,8,5.8,6.4,4.9,5.5,3.8,4.6,0.1,6.8,6.5,7.2
SYN016,16,2026-01-27 19:10:00,silent_prayer,3,4.9,3.9,3,5.2,4.1,6.3,6.2,4.1,3.5,3.6,4.1,4.0,6.0
SYN016,18,2026-01-29 20:47:00,none,0,2.9,4.8,4,4.0,1.9,3.5,3.3,2.9,4.6,5.4,3.6,3.3,7.9
SYN016,19,2026-01-30 19:42:00,silent_prayer,29,5.9,5.9,1,6.3,6.4,6.2,5.2,5.4,5.4,2.0,7.0,6.4,7.4
SYN016,20,2026-01-31 18:58:00,scripture_reflection,21,3.6,4.3,0,3.8,3.5,4.2,5.8,2.4,5.4,3.8,3.7,3.7,7.2
SYN016,21,2026-02-01 20:27:00,scripture_reflection,26,4.7,5.4,0,5.3,4.3,4.8,6.8,3.9,5.4,4.5,5.0,4.2,6.0
SYN017,1,2026-01-12 20:12:00,silent_prayer,12,5.7,4.1,7,8.1,5.6,4.5,6.4,4.0,3.4,2.5,5.1,6.4,6.8
SYN017,2,2026-01-13 18:50:00,silent_prayer,8,3.9,2.7,2,5.2,5.2,6.1,5.1,3.3,4.5,4.5,3.3,5.1,6.5
SYN017,4,2026-01-15 18:49:00,communal_prayer,36,6.2,5.5,1,5.2,4.7,4.8,7.2,3.0,5.2,2.9,5.7,3.9,7.8
SYN017,5,2026-01-16 20:43:00,none,0,2.4,3.2,2,2.2,4.5,3.3,4.5,4.3,4.9,3.5,4.4,4.4,7.4
SYN017,6,2026-01-17 18:32:00,communal_prayer,13,6.4,8.7,1,6.8,6.2,4.6,5.4,5.2,7.2,3.0,4.4,5.2,6.8
SYN017,7,2026-01-18 19:22:00,scripture_reflection,11,5.8,5.5,0,6.0,6.9,7.3,5.7,4.8,5.6,2.3,5.9,5.4,6.3
SYN017,8,2026-01-19 21:02:00,communal_prayer,34,7.5,6.4,1,6.7,7.6,8.2,6.5,5.9,7.3,3.5,4.3,5.2,6.9
SYN017,9,2026-01-20 19:44:00,scripture_reflection,37,6.0,1.4,0,7.2,6.3,7.1,6.8,3.1,4.1,2.8,5.6,4.5,6.6
SYN017,10,2026-01-21 20:01:00,communal_prayer,23,5.1,4.0,1,6.2,2.9,6.8,6.7,4.1,8.2,3.7,4.4,5.2,7.1
SYN017,11,2026-01-22 20:44:00,worship,57,4.2,4.1,7,5.4,5.5,7.0,5.1,3.5,8.1,3.1,6.3,6.0,6.0
SYN017,12,2026-01-23 21:16:00,silent_prayer,3,6.0,4.4,8,7.3,5.6,7.1,6.5,4.9,3.8,1.3,7.5,5.3,5.8
SYN017,13,2026-01-24 21:41:00,none,0,4.0,7.4,4,5.0,5.0,4.7,6.0,5.2,3.8,2.4,4.9,4.2,6.6
SYN017,14,2026-01-25 19:18:00,worship,35,7.2,6.5,2,8.9,7.9,6.4,6.1,5.3,6.7,2.9,6.5,6.3,6.9
SYN017,16,2026-01-27 19:18:00,silent_prayer,10,5.4,7.5,5,5.4,2.8,7.0,6.6,3.8,7.4,2.1,6.7,6.5,6.2
SYN017,17,2026-01-28 19:24:00,scripture_reflection,29,5.2,5.0,0,5.5,5.2,6.0,3.4,5.6,2.7,4.1,5.7,5.9,5.6
SYN017,18,2026-01-29 19:52:00,scripture_reflection,36,6.5,3.8,1,6.3,5.2,6.5,5.8,6.0,3.2,2.3,6.5,5.1,7.6
SYN017,19,2026-01-30 19:30:00,communal_prayer,26,6.1,4.0,0,5.9,4.9,7.5,4.8,4.4,6.6,3.4,4.9,5.5,7.1
SYN017,20,2026-01-31 19:26:00,worship,47,5.8,3.4,4,5.6,4.8,2.8,6.3,5.4,7.0,2.7,6.6,7.1,7.1
SYN017,21,2026-02-01 19:59:00,scripture_reflection,22,5.5,5.5,7,6.1,5.1,5.6,5.8,2.5,5.2,2.8,6.8,4.5,8.4
SYN018,2,2026-01-13 19:26:00,scripture_reflection,39,5.5,3.6,1,4.3,5.5,6.4,4.2,4.9,4.4,4.3,5.2,4.5,7.6
SYN018,3,2026-01-14 20:53:00,silent_prayer,51,6.9,5.8,0,6.7,6.2,5.2,7.5,5.3,4.3,0.1,4.7,5.8,6.8
SYN018,4,2026-01-15 19:10:00,worship,11,3.9,3.9,3,4.3,2.9,4.9,2.0,2.8,6.8,3.8,5.1,2.9,6.8
SYN018,5,2026-01-16 19:24:00,scripture_reflection,36,5.7,4.9,3,5.7,5.7,8.4,7.4,5.3,4.9,0.3,5.8,6.7,7.2
SYN018,6,2026-01-17 20:01:00,worship,47,6.9,4.9,3,7.2,6.6,6.9,8.2,6.0,6.5,0.0,6.5,5.7,6.6
SYN018,7,2026-01-18 19:17:00,communal_prayer,45,7.1,3.7,1,7.4,6.4,7.3,8.1,5.0,4.2,0.3,8.2,5.5,7.2
SYN018,8,2026-01-19 19:20:00,none,0,4.0,3.3,8,4.2,3.9,4.1,3.4,6.5,4.3,5.8,4.7,4.8,7.1
SYN018,9,2026-01-20 18:05:00,worship,21,5.2,4.3,6,4.2,4.6,5.3,3.9,4.8,4.1,1.1,4.2,5.8,7.4
SYN018,10,2026-01-21 18:28:00,none,0,6.0,6.1,0,4.1,7.5,6.1,7.8,5.1,3.0,3.5,3.8,3.3,6.5
SYN018,11,2026-01-22 19:09:00,scripture_reflection,12,5.7,5.1,4,4.7,4.7,6.5,6.9,3.3,1.1,2.9,4.6,5.2,6.2
SYN018,12,2026-01-23 19:23:00,silent_prayer,26,5.1,6.2,0,4.8,5.6,6.2,4.4,6.1,4.7,1.9,4.6,4.7,7.2
SYN018,13,2026-01-24 18:27:00,none,0,5.0,2.7,5,5.1,5.5,7.0,5.9,2.7,3.4,2.1,5.7,4.4,5.6
SYN018,14,2026-01-25 20:21:00,silent_prayer,11,4.7,6.1,6,4.9,4.5,5.0,5.8,2.2,3.4,3.2,4.6,3.9,6.6
SYN018,15,2026-01-26 20:12:00,silent_prayer,18,5.4,5.1,0,6.3,3.8,4.9,5.0,6.2,2.6,2.4,6.6,5.1,7.1
SYN018,16,2026-01-27 18:15:00,none,0,7.9,7.3,0,5.1,6.1,9.1,7.2,5.7,4.0,1.0,6.2,6.0,6.7
SYN018,17,2026-01-28 19:07:00,scripture_reflection,38,5.8,5.1,3,6.0,3.5,6.3,7.7,5.0,3.3,3.7,7.0,5.2,6.9
SYN018,18,2026-01-29 20:17:00,communal_prayer,47,6.5,4.2,0,6.5,6.9,6.4,6.0,4.1,6.3,0.3,5.6,4.0,6.3
SYN018,19,2026-01-30 19:59:00,communal_prayer,36,5.5,5.5,0,6.8,7.0,7.3,5.4,3.9,6.7,2.8,6.1,5.5,6.3
SYN018,20,2026-01-31 19:13:00,communal_prayer,51,5.1,6.1,3,4.8,5.4,5.6,4.1,3.8,7.1,3.2,5.8,2.7,5.8
SYN018,21,2026-02-01 19:54:00,worship,46,6.8,4.1,0,6.9,6.8,6.6,6.1,5.3,5.5,3.1,6.8,5.0,7.4
SYN019,1,2026-01-12 20:50:00,scripture_reflection,21,4.8,3.1,3,6.2,6.9,4.4,4.7,5.9,5.5,0.1,5.8,5.2,5.1
SYN019,2,2026-01-13 18:54:00,silent_prayer,32,4.0,4.3,4,6.2,3.6,6.0,7.1,3.0,1.3,0.0,5.8,6.1,5.4
SYN019,3,2026-01-14 20:22:00,scripture_reflection,40,3.3,4.0,1,5.3,3.9,3.1,3.2,3.9,3.0,0.3,5.9,5.5,5.6
SYN019,4,2026-01-15 19:18:00,none,0,3.4,3.1,2,4.8,5.3,5.3,4.2,4.1,4.8,0.0,5.4,3.4,5.7
SYN019,5,2026-01-16 18:41:00,communal_prayer,45,5.4,3.6,1,6.1,3.2,5.0,6.0,5.8,6.0,0.0,6.9,5.3,6.7
SYN019,6,2026-01-17 20:04:00,worship,35,8.0,7.5,0,5.4,5.2,8.0,7.7,5.9,6.3,0.6,5.9,4.9,6.0
SYN019,7,2026-01-18 19:52:00,communal_prayer,48,6.1,7.0,4,4.9,7.0,8.6,6.9,5.8,6.7,0.0,5.7,4.4,6.6
SYN019,8,2026-01-19 20:01:00,silent_prayer,24,3.0,2.2,0,1.7,6.2,3.7,3.6,2.7,5.8,5.1,3.8,2.9,7.4
SYN019,9,2026-01-20 19:27:00,silent_prayer,3,4.0,5.5,2,4.9,4.3,2.7,4.6,3.0,3.5,1.3,5.4,5.8,6.9
SYN019,10,2026-01-21 20:18:00,none,0,4.9,1.9,4,5.5,5.1,3.9,5.6,4.5,3.7,0.0,5.4,5.9,7.7
SYN019,11,2026-01-22 20:53:00,worship,38,6.7,1.9,3,6.0,5.9,5.9,6.3,4.2,5.1,0.0,6.0,6.8,6.9
SYN019,12,2026-01-23 21:12:00,silent_prayer,7,4.1,3.5,3,4.6,5.3,1.7,5.3,3.4,3.4,0.0,6.6,3.9,6.1
SYN019,13,2026-01-24 21:25:00,silent_prayer,18,4.4,3.4,2,4.9,5.4,4.6,5.0,2.8,3.8,0.0,4.9,5.8,7.2
SYN019,14,2026-01-25 19:36:00,communal_prayer,30,5.6,8.7,0,6.7,3.5,5.8,6.9,4.1,6.8,0.4,5.6,6.2,7.4
SYN019,15,2026-01-26 19:25:00,communal_prayer,28,3.4,3.5,3,3.7,3.4,5.4,3.0,4.2,4.9,3.0,4.3,5.2,6.2
SYN019,16,2026-01-27 19:47:00,worship,15,4.9,2.7,4,1.5,4.7,4.8,3.3,4.6,5.6,1.4,3.8,3.5,7.4
SYN019,17,2026-01-28 20:11:00,communal_prayer,18,5.5,5.1,4,4.2,5.4,6.0,4.3,4.2,5.6,1.6,5.4,4.2,6.2
SYN019,18,2026-01-29 20:11:00,worship,15,5.0,4.4,5,4.2,3.6,6.1,4.8,2.8,6.0,2.7,4.4,5.2,7.5
SYN019,19,2026-01-30 19:31:00,silent_prayer,47,6.5,4.6,0,5.2,7.6,4.0,6.3,6.1,4.3,1.3,6.9,6.4,7.9
SYN019,20,2026-01-31 20:09:00,scripture_reflection,18,4.5,2.5,2,5.4,4.4,7.8,5.6,3.4,5.1,1.0,7.7,6.8,7.1
SYN019,21,2026-02-01 19:01:00,communal_prayer,32,3.3,4.9,7,4.1,4.3,4.0,4.6,3.8,6.2,1.5,6.0,4.4,8.3
SYN020,1,2026-01-12 21:27:00,worship,22,3.7,3.7,5,4.8,3.2,3.9,3.3,3.8,5.5,1.3,5.1,3.7,9.4
SYN020,3,2026-01-14 21:10:00,worship,4,6.1,2.4,6,7.2,5.3,4.7,8.1,4.9,4.5,0.5,6.2,6.7,5.3
SYN020,4,2026-01-15 20:10:00,communal_prayer,16,7.2,5.9,9,8.1,7.1,7.2,8.1,4.1,7.1,0.0,6.1,5.9,7.7
SYN020,5,2026-01-16 20:17:00,silent_prayer,34,4.9,3.5,0,6.8,7.0,4.6,5.5,4.7,3.5,1.3,5.4,5.5,7.4
SYN020,6,2026-01-17 18:57:00,communal_prayer,30,6.6,6.2,2,7.3,5.5,7.4,5.7,6.3,5.9,0.0,4.4,5.8,6.1
SYN020,7,2026-01-18 18:48:00,worship,30,6.9,5.2,1,7.3,6.7,7.1,4.9,5.6,7.5,3.0,6.5,6.0,8.2
SYN020,8,2026-01-19 21:01:00,none,0,3.0,1.4,4,4.6,5.3,5.4,4.0,3.6,4.6,3.8,5.0,5.2,5.0
SYN020,9,2026-01-20 18:57:00,communal_prayer,29,3.9,4.0,2,4.5,4.2,3.9,4.8,3.0,7.6,3.0,6.1,6.1,7.1
SYN020,10,2026-01-21 20:42:00,silent_prayer,28,5.9,3.8,1,4.9,3.9,5.0,6.4,6.6,4.5,0.8,6.7,4.8,6.4
SYN020,11,2026-01-22 20:50:00,silent_prayer,15,4.8,2.9,0,4.7,4.6,4.6,6.3,3.3,5.0,1.6,3.9,4.7,6.1
SYN020,12,2026-01-23 20:07:00,silent_prayer,13,4.3,4.2,1,4.4,3.8,7.6,5.9,3.8,4.7,2.3,5.3,3.9,7.3
SYN020,13,2026-01-24 19:29:00,communal_prayer,27,6.8,7.1,2,5.6,6.9,6.1,6.0,6.2,5.2,2.0,7.0,4.8,8.6
SYN020,14,2026-01-25 19:14:00,communal_prayer,31,6.3,3.1,5,6.7,7.7,6.6,6.6,6.5,5.5,3.4,6.5,6.6,7.3
SYN020,15,2026-01-26 21:39:00,worship,36,4.2,4.3,7,5.3,4.6,6.3,3.8,4.2,6.9,5.3,4.9,5.3,7.8
SYN020,16,2026-01-27 20:14:00,silent_prayer,14,4.9,4.9,7,6.2,6.3,4.6,4.2,4.9,3.9,2.7,6.5,4.8,5.2
SYN020,17,2026-01-28 20:47:00,worship,34,5.0,4.4,1,4.4,7.4,3.9,5.2,3.9,4.2,3.0,4.8,5.4,7.7
SYN020,18,2026-01-29 20:18:00,scripture_reflection,15,6.6,5.4,0,4.1,6.7,7.6,5.6,4.6,4.2,3.3,4.5,4.8,5.8
SYN020,19,2026-01-30 20:52:00,communal_prayer,32,3.2,3.1,0,4.5,1.0,3.6,3.5,3.7,5.8,4.4,5.8,5.6,6.1
SYN020,20,2026-01-31 19:45:00,silent_prayer,16,5.1,5.1,0,6.7,3.5,6.3,7.9,5.0,4.4,0.7,5.7,6.3,7.3
SYN020,21,2026-02-01 20:08:00,worship,28,5.0,5.6,4,5.0,4.4,5.5,4.8,6.0,5.4,3.5,5.1,4.1,5.2
SYN021,1,2026-01-12 19:28:00,communal_prayer,37,5.4,4.7,2,6.0,5.6,4.7,5.5,3.6,6.4,5.1,5.1,5.0,5.5
SYN021,2,2026-01-13 21:02:00,scripture_reflection,35,6.7,6.0,0,7.5,8.4,8.6,6.1,3.8,4.4,2.7,4.1,4.2,6.3
SYN021,3,2026-01-14 19:54:00,silent_prayer,14,3.6,4.7,1,5.3,2.4,4.6,4.6,3.8,3.2,6.5,3.7,4.8,7.6
SYN021,5,2026-01-16 19:29:00,communal_prayer,38,4.4,2.3,3,4.8,5.4,3.5,5.1,1.2,7.8,5.3,4.5,4.4,8.2
SYN021,6,2026-01-17 20:21:00,scripture_reflection,36,5.0,7.0,0,4.0,5.2,5.7,4.7,4.8,5.8,4.4,2.9,3.1,6.9
SYN021,7,2026-01-18 19:00:00,communal_prayer,40,5.2,6.9,3,5.3,5.5,5.0,3.8,4.8,7.3,5.5,3.7,3.8,7.8
SYN021,8,2026-01-19 20:06:00,communal_prayer,48,6.2,4.9,0,6.5,4.8,6.9,4.4,4.3,4.9,4.7,5.6,5.3,5.9
SYN021,9,2026-01-20 19:04:00,scripture_reflection,32,5.2,5.3,1,5.2,3.6,8.0,6.7,2.8,5.2,5.3,5.8,3.6,6.4
SYN021,10,2026-01-21 20:16:00,scripture_reflection,39,1.7,3.6,1,1.5,1.2,1.6,1.8,3.6,0.8,6.9,3.4,1.7,6.6
SYN021,11,2026-01-22 20:18:00,none,0,4.5,4.4,0,4.8,1.7,5.7,5.4,4.0,6.8,2.7,4.8,5.6,8.1
SYN021,12,2026-01-23 19:14:00,communal_prayer,19,4.7,2.5,1,4.7,4.1,6.5,7.3,4.6,5.9,2.2,4.4,5.1,5.7
SYN021,13,2026-01-24 20:30:00,scripture_reflection,17,6.8,7.8,2,6.9,6.4,5.8,7.8,7.1,5.0,5.0,5.0,6.1,5.9
SYN021,14,2026-01-25 20:08:00,worship,31,3.8,4.8,3,5.1,3.4,4.9,3.3,2.3,4.9,4.1,3.1,3.9,6.4
SYN021,15,2026-01-26 19:55:00,silent_prayer,32,5.9,4.8,0,6.4,4.8,5.9,6.8,3.9,5.9,1.8,6.0,6.4,6.8
SYN021,16,2026-01-27 20:03:00,worship,25,4.9,4.3,0,7.4,5.5,5.6,7.3,5.8,5.7,1.1,7.1,6.3,7.2
SYN021,17,2026-01-28 20:23:00,worship,15,4.3,2.8,0,4.8,4.8,5.6,4.7,3.3,6.9,4.2,6.1,3.4,6.3
SYN021,18,2026-01-29 21:42:00,silent_prayer,23,4.4,5.4,0,3.8,4.8,2.3,4.0,4.6,2.7,4.7,3.9,2.2,5.5
SYN021,19,2026-01-30 19:59:00,worship,43,3.9,6.2,2,4.5,3.8,6.5,4.9,4.4,5.2,5.7,3.8,3.0,6.9
SYN021,20,2026-01-31 20:31:00,communal_prayer,45,6.1,5.5,3,4.9,6.4,4.2,3.8,6.8,5.9,6.9,4.7,3.1,6.9
SYN021,21,2026-02-01 20:11:00,worship,20,4.5,2.9,6,6.2,3.6,5.3,4.2,3.4,5.7,4.0,5.6,2.8,6.7
SYN022,2,2026-01-13 19:06:00,worship,56,5.6,5.4,1,5.3,5.8,7.1,5.0,4.1,6.2,6.8,1.8,3.9,6.3
SYN022,3,2026-01-14 20:16:00,scripture_reflection,30,5.7,5.1,0,5.5,5.8,4.5,5.8,2.6,4.3,3.0,5.3,6.9,7.1
SYN022,4,2026-01-15 19:46:00,scripture_reflection,37,4.8,5.5,0,4.9,6.7,3.8,5.4,4.0,4.3,4.5,3.8,4.7,8.5
SYN022,6,2026-01-17 18:42:00,none,0,5.0,5.5,2,5.5,5.5,3.9,8.2,5.6,3.8,2.4,6.2,3.8,4.8
SYN022,7,2026-01-18 19:58:00,silent_prayer,34,5.1,3.2,1,5.5,5.0,6.4,5.2,6.0,4.4,5.5,3.2,6.2,6.6
SYN022,8,2026-01-19 20:07:00,worship,36,7.1,5.3,0,6.3,6.6,7.5,7.0,4.4,6.4,3.7,5.3,5.8,7.4
SYN022,9,2026-01-20 18:57:00,worship,55,5.3,3.0,0,6.1,6.0,6.7,6.2,5.4,6.8,2.2,5.1,6.0,7.8
SYN022,10,2026-01-21 19:34:00,scripture_reflection,20,4.2,3.3,2,5.9,2.9,4.3,5.3,4.4,5.7,4.8,4.1,5.2,5.1
SYN022,11,2026-01-22 20:36:00,communal_prayer,68,5.4,5.5,6,4.9,5.2,4.0,4.2,3.9,6.7,6.1,4.3,5.7,5.8
SYN022,12,2026-01-23 20:00:00,silent_prayer,21,3.5,4.8,1,4.3,2.0,4.6,3.0,4.3,5.0,5.2,5.1,4.7,4.1
SYN022,13,2026-01-24 19:43:00,worship,34,4.7,2.6,1,5.9,5.8,4.4,5.8,3.7,5.7,3.6,5.6,6.7,6.9
SYN022,14,2026-01-25 19:33:00,worship,43,6.0,5.3,9,5.9,6.0,7.0,6.1,4.5,3.5,2.4,6.2,7.2,7.6
SYN022,16,2026-01-27 18:37:00,silent_prayer,24,5.0,2.2,7,7.5,3.7,6.2,4.9,5.7,4.2,3.1,4.0,5.7,6.6
SYN022,17,2026-01-28 19:58:00,communal_prayer,73,5.2,5.5,0,5.3,4.7,6.6,4.5,3.0,3.9,4.5,6.2,3.8,7.3
SYN022,19,2026-01-30 20:34:00,scripture_reflection,29,5.6,3.0,1,6.4,4.8,6.5,7.0,5.9,3.8,2.6,5.4,4.8,6.8
SYN022,20,2026-01-31 19:45:00,worship,33,3.9,2.1,2,3.4,3.4,6.1,2.8,2.5,6.8,8.0,2.9,4.7,6.3
SYN023,1,2026-01-12 19:16:00,scripture_reflection,33,2.6,3.1,6,5.4,2.5,5.0,3.4,4.6,2.7,2.2,5.4,4.5,8.1
SYN023,2,2026-01-13 19:41:00,none,0,3.5,2.9,0,4.0,4.4,4.0,4.4,3.4,2.5,4.7,3.2,3.6,6.6
SYN023,3,2026-01-14 19:53:00,worship,36,5.4,3.2,1,4.9,4.7,6.5,4.9,5.2,5.8,2.4,4.1,5.4,7.1
SYN023,4,2026-01-15 20:16:00,scripture_reflection,19,4.3,4.5,3,5.0,4.4,5.0,4.3,5.4,3.7,1.2,5.3,5.9,5.9
SYN023,5,2026-01-16 21:32:00,none,0,4.7,3.0,0,4.5,2.9,7.2,4.7,3.1,4.1,2.0,4.4,4.4,7.6
SYN023,6,2026-01-17 18:28:00,communal_prayer,27,4.7,3.8,2,4.2,3.3,5.3,3.6,3.7,4.7,3.3,4.6,3.6,8.1
SYN023,7,2026-01-18 20:43:00,silent_prayer,12,2.4,1.7,2,3.5,3.8,3.3,3.9,1.6,2.9,2.2,5.1,4.4,8.4
SYN023,8,2026-01-19 19:19:00,communal_prayer,43,4.6,3.0,3,4.5,4.2,5.1,6.5,2.0,6.5,1.1,5.4,4.2,6.7
SYN023,9,2026-01-20 20:13:00,none,0,2.8,2.5,0,3.9,1.8,4.6,2.2,3.5,3.5,3.7,2.7,4.8,6.7
SYN023,10,2026-01-21 18:37:00,silent_prayer,5,3.7,2.4,4,4.7,3.5,3.9,2.9,4.4,4.4,3.0,3.7,4.9,7.1
SYN023,11,2026-01-22 20:24:00,silent_prayer,5,4.1,4.0,0,5.3,2.6,5.1,3.4,2.3,3.8,2.4,5.2,5.2,6.2
SYN023,12,2026-01-23 20:08:00,communal_prayer,30,4.0,2.6,0,4.1,5.1,4.0,4.6,3.4,5.9,1.9,6.1,4.8,8.7
SYN023,13,2026-01-24 19:23:00,worship,26,3.5,2.6,0,4.3,4.1,6.3,2.8,2.1,6.9,3.4,5.2,3.3,8.3
SYN023,14,2026-01-25 19:31:00,none,0,4.8,2.7,4,5.7,6.7,5.4,4.9,4.0,3.3,1.8,5.8,6.0,5.8
SYN023,15,2026-01-26 20:01:00,scripture_reflection,29,4.3,5.0,1,4.8,4.3,5.7,4.5,4.3,3.2,2.4,5.5,5.5,5.9
SYN023,16,2026-01-27 19:11:00,scripture_reflection,13,5.5,4.7,0,5.3,6.9,4.9,6.7,4.9,3.8,1.9,6.0,4.8,5.2
SYN023,17,2026-01-28 20:12:00,silent_prayer,11,3.0,4.4,0,2.1,3.9,5.0,5.4,3.2,2.1,1.9,5.5,4.3,5.9
SYN023,18,2026-01-29 20:10:00,silent_prayer,21,4.4,2.5,4,4.8,5.3,2.1,5.3,3.5,4.5,1.7,5.0,5.9,8.4
SYN023,19,2026-01-30 19:58:00,communal_prayer,25,4.1,0.3,1,5.5,5.1,5.2,5.4,4.1,5.7,1.3,6.0,6.4,8.1
SYN023,21,2026-02-01 20:31:00,none,0,4.7,4.6,1,5.5,3.8,5.0,3.4,5.3,2.5,2.1,7.2,5.8,7.3
SYN024,1,2026-01-12 20:09:00,silent_prayer,26,3.3,5.0,6,7.9,4.0,5.3,3.9,4.0,3.3,1.4,6.3,7.7,6.2
SYN024,2,2026-01-13 19:33:00,none,0,4.1,3.6,3,4.9,5.5,4.0,3.1,1.4,4.8,2.8,4.0,4.6,6.6
SYN024,3,2026-01-14 20:00:00,silent_prayer,12,6.3,4.7,5,5.1,6.4,7.3,6.1,7.3,3.9,2.2,3.2,8.4,7.3
SYN024,4,2026-01-15 19:53:00,worship,29,5.9,5.2,7,7.1,7.6,7.5,5.4,5.4,6.2,2.8,6.5,5.1,7.4
SYN024,5,2026-01-16 20:05:00,communal_prayer,44,5.1,5.3,4,5.7,7.8,5.9,5.6,5.3,2.9,2.6,5.5,4.4,5.9
SYN024,6,2026-01-17 20:39:00,silent_prayer,18,5.0,2.2,3,5.4,4.6,5.6,2.4,4.5,3.6,2.2,4.7,5.4,8.5
SYN024,7,2026-01-18 21:17:00,communal_prayer,39,5.1,4.3,0,3.2,3.8,5.1,4.9,4.8,6.2,2.6,3.6,5.3,4.4
SYN024,8,2026-01-19 20:34:00,silent_prayer,18,6.4,4.6,3,6.1,6.3,4.2,5.5,6.1,5.3,0.4,7.0,5.4,8.6
SYN024,9,2026-01-20 20:32:00,none,0,2.9,2.3,2,5.8,2.4,4.2,4.5,3.5,1.9,4.8,6.1,3.8,5.0
SYN024,10,2026-01-21 20:48:00,silent_prayer,28,2.1,1.9,3,2.4,0.0,3.0,2.3,2.0,3.2,2.9,3.2,3.6,6.4
SYN024,11,2026-01-22 19:07:00,worship,29,6.6,5.0,8,7.0,6.6,4.2,6.4,4.1,4.2,0.4,5.8,5.9,7.8
SYN024,13,2026-01-24 19:00:00,communal_prayer,21,4.8,4.6,1,6.1,3.8,5.7,7.5,4.1,7.0,1.0,7.1,5.7,5.1
SYN024,14,2026-01-25 19:49:00,worship,44,6.0,6.3,8,9.3,5.0,5.8,7.8,4.0,5.7,0.0,7.5,5.9,5.7
SYN024,15,2026-01-26 20:33:00,scripture_reflection,21,3.5,3.4,2,5.0,2.5,6.0,3.2,3.6,3.1,2.0,3.2,4.9,6.7
SYN024,16,2026-01-27 22:07:00,silent_prayer,8,3.7,3.0,1,4.4,4.9,4.5,2.2,4.5,3.0,3.5,4.3,4.5,5.9
SYN024,17,2026-01-28 19:27:00,none,0,5.4,5.2,6,4.1,4.2,2.7,4.3,3.9,4.0,0.8,5.0,3.6,6.5
SYN024,18,2026-01-29 18:37:00,silent_prayer,4,5.3,4.3,7,6.0,5.9,4.6,5.2,3.0,3.3,2.9,5.2,3.8,6.1
SYN024,19,2026-01-30 20:45:00,silent_prayer,12,3.0,2.7,1,2.2,5.3,4.3,2.9,3.4,4.2,6.3,4.2,4.6,7.6
SYN024,21,2026-02-01 19:15:00,worship,48,5.2,4.7,6,6.5,5.1,5.3,6.4,4.6,5.5,0.0,7.9,5.9,7.5
SYN025,2,2026-01-13 20:58:00,communal_prayer,33,3.6,1.6,1,4.3,5.2,3.9,4.1,5.9,5.7,1.2,5.8,4.3,6.6
SYN025,4,2026-01-15 19:57:00,none,0,1.8,1.8,0,2.1,2.7,3.5,1.9,1.4,2.3,4.6,3.2,2.5,6.5
SYN025,5,2026-01-16 19:21:00,communal_prayer,35,4.1,3.0,2,4.7,4.3,2.6,4.9,2.3,5.9,0.7,5.0,5.4,7.6
SYN025,6,2026-01-17 20:02:00,communal_prayer,49,4.5,3.2,1,5.0,5.3,5.2,3.1,4.0,4.6,1.6,5.7,4.6,6.5
SYN025,7,2026-01-18 19:30:00,communal_prayer,27,4.6,3.5,1,5.0,3.5,5.0,5.1,4.5,4.2,2.9,4.8,5.5,7.4
SYN025,9,2026-01-20 19:39:00,scripture_reflection,31,2.4,1.8,3,4.2,4.1,4.6,4.3,2.1,2.2,3.1,4.2,4.5,6.9
SYN025,10,2026-01-21 19:05:00,silent_prayer,7,4.6,2.4,0,5.0,6.3,7.2,6.0,6.0,2.6,1.7,5.7,4.5,6.3
SYN025,11,2026-01-22 20:31:00,scripture_reflection,37,5.5,2.9,0,6.5,3.9,6.4,5.5,4.9,5.4,2.2,7.2,6.7,8.9
SYN025,12,2026-01-23 20:48:00,silent_prayer,27,1.5,2.1,0,2.8,2.0,3.5,1.3,2.2,3.9,2.0,6.3,4.1,7.8
SYN025,13,2026-01-24 19:40:00,none,0,3.8,2.6,0,3.5,4.2,5.2,3.7,4.6,2.7,3.5,5.1,4.2,5.6
SYN025,14,2026-01-25 19:22:00,none,0,4.5,3.4,2,5.7,4.5,5.4,5.5,5.5,3.8,0.0,7.8,7.3,7.2
SYN025,15,2026-01-26 19:36:00,worship,39,5.6,6.7,4,3.2,4.7,7.0,5.4,3.9,4.3,2.0,6.7,3.6,7.7
SYN025,16,2026-01-27 19:45:00,communal_prayer,44,4.3,3.6,8,3.9,6.4,6.4,2.1,5.1,6.2,3.9,4.6,4.2,6.4
SYN025,17,2026-01-28 20:19:00,scripture_reflection,42,4.3,3.6,0,3.9,2.0,6.5,4.5,2.6,3.7,2.0,6.5,5.8,7.3
SYN025,18,2026-01-29 20:27:00,none,0,3.3,3.7,0,4.4,2.9,5.1,1.4,4.3,4.3,2.7,4.5,4.5,7.3
SYN025,19,2026-01-30 20:15:00,communal_prayer,26,2.8,1.9,0,3.6,3.2,3.0,3.1,2.3,2.6,1.3,6.0,5.0,6.2
SYN025,20,2026-01-31 19:42:00,silent_prayer,20,3.6,2.5,0,4.3,3.1,5.6,3.5,4.6,1.1,2.2,6.6,4.4,6.2
SYN025,21,2026-02-01 20:33:00,none,0,5.7,5.1,2,5.4,5.5,6.5,6.1,5.8,4.4,0.5,8.3,5.8,6.7
SYN026,1,2026-01-12 18:41:00,worship,19,4.0,1.9,1,5.0,3.7,4.9,5.0,5.6,8.0,3.2,6.3,3.8,6.2
SYN026,2,2026-01-13 20:08:00,silent_prayer,13,7.0,6.8,4,5.8,4.9,5.8,7.0,6.2,4.7,1.3,6.0,5.5,5.8
SYN026,4,2026-01-15 20:01:00,silent_prayer,13,4.2,3.9,3,4.6,3.7,4.4,4.2,4.8,3.4,3.9,3.6,4.5,6.8
SYN026,5,2026-01-16 21:42:00,none,0,3.7,4.0,0,4.2,3.9,4.7,3.9,5.5,2.7,2.2,4.2,5.9,7.6
SYN026,6,2026-01-17 20:18:00,communal_prayer,44,6.7,4.9,5,6.2,5.0,5.1,7.3,4.3,5.8,0.1,6.4,5.2,6.1
SYN026,9,2026-01-20 18:47:00,silent_prayer,19,5.1,6.1,2,5.7,5.3,5.7,7.0,4.6,2.6,2.8,5.0,6.3,7.5
SYN026,10,2026-01-21 19:34:00,scripture_reflection,54,4.3,4.3,0,6.8,4.6,4.5,6.2,3.5,3.6,0.8,7.1,5.5,7.8
SYN026,11,2026-01-22 19:18:00,scripture_reflection,33,5.3,5.3,1,5.0,5.5,5.4,5.4,6.1,6.1,4.8,4.7,4.5,6.3
SYN026,12,2026-01-23 21:24:00,none,0,4.8,4.2,0,5.0,4.3,5.7,4.8,2.4,4.6,4.6,3.8,3.4,6.5
SYN026,13,2026-01-24 20:39:00,communal_prayer,47,6.9,6.7,4,6.5,7.0,7.5,8.8,4.7,8.0,2.1,7.1,4.0,6.4
SYN026,14,2026-01-25 20:32:00,silent_prayer,3,6.5,5.9,8,7.2,6.5,7.3,8.2,4.1,6.4,2.7,5.9,7.4,6.6
SYN026,15,2026-01-26 20:35:00,none,0,1.9,2.1,0,2.1,2.9,3.0,2.5,3.0,4.8,4.6,3.7,2.9,6.2
SYN026,16,2026-01-27 19:00:00,scripture_reflection,30,6.4,4.6,3,3.6,6.7,3.2,4.6,6.3,7.0,3.1,5.2,5.5,6.8
SYN026,17,2026-01-28 20:11:00,communal_prayer,40,5.9,5.2,0,5.2,8.1,6.5,7.6,4.5,4.0,3.0,9.1,4.9,8.5
SYN026,18,2026-01-29 21:30:00,worship,18,4.8,4.9,1,5.3,4.7,5.0,4.8,1.7,6.4,3.5,6.8,4.4,5.9
SYN026,19,2026-01-30 20:44:00,scripture_reflection,26,4.1,3.5,6,7.7,5.5,5.3,4.6,4.6,6.3,1.4,7.4,4.2,6.9
SYN026,20,2026-01-31 19:49:00,silent_prayer,34,5.7,6.0,0,4.9,5.9,5.2,5.8,2.6,2.6,2.0,6.6,4.3,6.4
SYN026,21,2026-02-01 20:33:00,silent_prayer,18,5.6,7.6,1,5.1,5.1,6.3,4.3,4.4,4.5,2.8,6.7,4.9,6.8
SYN027,1,2026-01-12 20:39:00,scripture_reflection,29,5.8,4.5,2,4.4,6.3,4.5,6.3,6.0,3.9,3.9,5.4,4.5,7.1
SYN027,2,2026-01-13 19:40:00,worship,24,5.2,4.6,2,4.2,3.3,6.0,5.6,4.7,7.7,3.6,5.3,3.6,8.4
SYN027,3,2026-01-14 19:51:00,none,0,6.8,5.3,5,8.0,5.0,6.4,7.1,6.0,5.1,2.4,5.0,4.9,7.6
SYN027,4,2026-01-15 20:19:00,silent_prayer,3,4.3,4.1,8,5.1,2.9,7.2,5.8,3.7,3.5,4.6,5.2,4.1,7.9
SYN027,6,2026-01-17 20:48:00,silent_prayer,4,5.5,6.7,3,5.4,4.0,5.7,5.3,5.5,3.9,5.1,3.4,4.1,6.1
SYN027,7,2026-01-18 20:13:00,silent_prayer,17,5.7,5.6,0,7.3,5.0,4.6,5.3,5.0,5.5,5.0,3.9,6.6,6.5
SYN027,8,2026-01-19 20:11:00,none,0,3.5,3.4,0,3.9,3.2,5.6,5.0,3.1,6.2,4.2,3.8,3.6,7.8
SYN027,9,2026-01-20 20:14:00,scripture_reflection,18,5.0,6.3,6,5.9,3.1,5.6,4.9,4.3,4.4,5.7,3.6,4.2,7.5
SYN027,11,2026-01-22 19:26:00,silent_prayer,12,6.6,5.3,0,6.5,6.3,8.7,4.1,4.7,4.3,3.5,5.6,6.3,6.6
SYN027,12,2026-01-23 19:57:00,none,0,4.5,3.3,0,4.9,4.4,5.9,2.7,4.7,2.9,4.9,4.1,5.9,5.9
SYN027,13,2026-01-24 19:39:00,communal_prayer,36,8.4,6.4,0,6.7,5.7,7.8,7.7,4.1,6.3,4.1,4.9,6.1,5.4
SYN027,14,2026-01-25 18:33:00,none,0,4.5,4.1,3,5.6,4.2,5.4,5.4,3.6,2.9,4.6,4.0,3.7,6.2
SYN027,15,2026-01-26 20:32:00,none,0,3.7,3.5,1,4.2,5.3,5.5,3.8,4.9,4.6,6.1,5.7,2.9,5.8
SYN027,16,2026-01-27 19:13:00,scripture_reflection,30,3.7,5.1,10,2.8,5.2,6.2,2.8,0.2,5.0,5.1,6.2,2.8,6.7
SYN027,17,2026-01-28 21:40:00,scripture_reflection,37,5.5,5.2,7,6.1,6.5,4.4,4.7,3.8,5.5,4.5,4.8,3.9,6.8
SYN027,18,2026-01-29 20:43:00,none,0,6.0,4.9,4,6.3,5.3,6.1,4.1,5.6,4.8,2.6,6.7,6.2,7.2
SYN027,19,2026-01-30 20:16:00,communal_prayer,19,4.9,5.1,3,4.9,4.9,7.6,5.5,4.1,5.1,4.3,4.8,6.2,6.0
SYN027,21,2026-02-01 21:17:00,communal_prayer,23,6.5,6.5,1,5.4,7.2,6.6,4.8,5.3,6.0,5.0,5.7,4.2,5.9
SYN028,1,2026-01-12 20:36:00,communal_prayer,42,6.3,5.3,5,7.1,7.6,6.1,7.3,4.3,7.2,3.2,4.9,5.9,7.0
SYN028,2,2026-01-13 19:40:00,communal_prayer,28,6.6,5.6,9,6.5,3.3,5.4,6.4,5.2,6.5,3.6,4.0,4.0,5.9
SYN028,3,2026-01-14 20:39:00,silent_prayer,36,6.7,4.8,1,4.2,5.0,6.2,4.2,2.9,4.9,5.1,4.4,4.6,6.5
SYN028,4,2026-01-15 19:44:00,none,0,4.3,5.0,0,4.5,3.3,4.1,3.3,6.8,4.5,6.4,3.0,5.3,5.1
SYN028,6,2026-01-17 19:22:00,worship,31,6.9,5.7,8,7.9,6.3,6.1,7.1,8.1,7.6,0.5,6.6,7.5,6.7
SYN028,7,2026-01-18 19:30:00,communal_prayer,35,8.0,4.1,3,5.9,8.3,8.4,7.8,6.3,5.9,1.6,4.9,4.2,6.9
SYN028,8,2026-01-19 19:42:00,silent_prayer,3,6.2,4.0,2,2.8,6.0,7.3,5.6,6.1,4.3,4.8,3.7,4.4,6.9
SYN028,9,2026-01-20 20:30:00,none,0,6.1,5.9,1,4.6,6.2,6.5,5.8,5.8,5.2,4.4,6.2,3.4,7.3
SYN028,10,2026-01-21 19:19:00,worship,17,7.1,5.7,2,5.1,7.5,7.1,6.4,4.7,5.7,5.2,3.9,3.5,7.9
SYN028,11,2026-01-22 20:07:00,scripture_reflection,29,5.4,6.1,0,4.9,5.6,7.8,5.5,5.6,5.8,6.4,4.5,3.5,5.4
SYN028,12,2026-01-23 18:54:00,scripture_reflection,9,6.3,5.5,3,6.6,4.7,6.3,5.4,4.9,5.2,3.5,5.9,6.9,6.8
SYN028,13,2026-01-24 18:44:00,none,0,4.1,4.4,10,4.6,5.3,4.0,5.4,2.9,4.9,4.4,4.3,5.6,6.2
SYN028,14,2026-01-25 18:34:00,communal_prayer,38,6.9,7.2,1,5.3,5.1,6.2,6.0,6.5,7.6,4.8,4.9,3.6,5.8
SYN028,15,2026-01-26 18:32:00,communal_prayer,29,7.3,8.9,0,6.7,5.0,7.0,4.5,5.2,6.0,5.4,3.7,5.6,5.0
SYN028,16,2026-01-27 20:30:00,silent_prayer,23,6.6,6.2,1,9.4,5.0,7.9,5.7,4.6,6.6,1.5,6.1,6.4,6.6
SYN028,17,2026-01-28 20:13:00,worship,23,6.6,7.4,8,8.3,6.3,6.0,8.2,5.0,7.8,3.4,7.3,6.8,6.5
SYN028,18,2026-01-29 21:18:00,silent_prayer,8,5.3,5.3,7,6.0,5.6,5.6,3.3,5.0,2.4,6.8,5.2,3.7,7.4
SYN028,19,2026-01-30 19:03:00,worship,23,6.0,7.3,8,6.3,5.9,7.2,4.9,4.3,8.3,5.4,5.4,5.4,5.0
SYN028,20,2026-01-31 19:32:00,silent_prayer,11,4.8,4.4,3,4.0,6.3,6.1,7.3,5.9,4.8,2.7,6.3,5.2,8.0
SYN028,21,2026-02-01 19:31:00,communal_prayer,43,5.8,6.4,4,6.0,5.6,5.9,5.3,5.1,3.9,4.9,6.0,4.9,6.9
SYN029,1,2026-01-12 19:41:00,scripture_reflection,20,7.6,6.3,8,5.6,6.4,7.5,6.0,4.4,3.9,4.2,7.3,4.3,5.6
SYN029,2,2026-01-13 19:52:00,silent_prayer,32,5.3,5.1,3,5.2,4.5,5.7,7.0,3.6,3.1,1.2,6.1,5.9,8.0
SYN029,3,2026-01-14 20:39:00,communal_prayer,25,5.6,6.1,10,5.7,5.1,4.8,6.3,5.5,6.6,2.1,6.4,4.8,5.2
SYN029,4,2026-01-15 21:04:00,communal_prayer,48,6.8,4.3,0,5.6,8.1,6.9,6.5,4.8,6.4,3.4,2.9,7.0,7.2
SYN029,5,2026-01-16 20:11:00,worship,13,7.4,7.4,1,5.9,7.1,6.7,7.8,6.7,6.6,2.2,5.1,5.0,7.5
SYN029,7,2026-01-18 19:58:00,silent_prayer,6,3.4,3.1,1,4.0,4.2,4.5,4.9,2.5,3.9,5.7,2.3,5.6,7.2
SYN029,8,2026-01-19 19:45:00,scripture_reflection,3,5.5,6.4,6,6.1,4.6,5.9,7.3,3.2,3.7,1.4,6.0,5.3,7.6
SYN029,9,2026-01-20 20:09:00,none,0,3.8,3.1,1,3.3,4.4,6.1,4.2,3.5,1.3,4.3,1.9,5.2,7.0
SYN029,10,2026-01-21 19:00:00,scripture_reflection,32,5.0,3.8,4,4.1,4.6,5.4,5.0,4.9,3.3,3.6,5.3,6.2,7.3
SYN029,11,2026-01-22 19:46:00,none,0,5.1,4.0,0,3.1,4.7,5.9,5.5,6.4,4.2,5.7,2.9,3.3,5.9
SYN029,12,2026-01-23 19:33:00,silent_prayer,30,4.8,5.5,1,4.9,5.6,6.5,4.8,6.1,3.9,3.9,4.1,6.3,6.0
SYN029,13,2026-01-24 20:42:00,worship,43,6.3,4.7,4,5.7,7.2,6.9,5.5,6.5,4.4,3.2,5.3,4.6,6.6
SYN029,14,2026-01-25 19:34:00,silent_prayer,19,4.8,6.7,2,6.4,4.9,6.2,4.3,4.0,5.1,4.5,6.3,4.5,7.6
SYN029,16,2026-01-27 20:09:00,scripture_reflection,14,4.9,5.2,1,7.8,3.6,5.9,4.7,2.9,2.5,4.6,5.5,3.7,8.8
SYN029,17,2026-01-28 19:22:00,silent_prayer,17,6.8,6.5,1,7.1,6.9,7.9,7.2,4.6,4.0,2.1,5.6,4.5,6.7
SYN029,18,2026-01-29 20:24:00,scripture_reflection,5,3.6,3.7,1,4.3,1.6,4.2,5.8,4.5,1.8,1.9,4.9,4.5,7.5
SYN029,19,2026-01-30 19:17:00,silent_prayer,11,5.8,3.6,0,6.0,7.0,5.1,7.2,4.2,3.0,2.8,6.8,5.0,6.2
SYN029,20,2026-01-31 20:30:00,silent_prayer,23,5.1,4.0,0,6.2,3.3,4.8,6.4,3.5,4.4,3.6,6.3,6.2,4.6
SYN029,21,2026-02-01 20:00:00,communal_prayer,39,4.8,3.3,2,3.5,6.2,5.6,5.6,5.0,5.9,3.5,4.6,4.1,6.2
SYN030,1,2026-01-12 20:29:00,scripture_reflection,33,3.4,1.6,0,4.2,3.9,4.6,3.7,3.3,4.5,5.1,4.5,3.9,6.6
SYN030,2,2026-01-13 19:20:00,silent_prayer,20,6.4,4.4,2,6.1,5.9,6.2,8.3,4.2,3.2,1.7,4.3,5.5,7.3
SYN030,3,2026-01-14 20:35:00,silent_prayer,27,2.3,2.5,3,2.5,3.1,4.8,3.9,3.3,4.5,4.8,3.9,4.0,6.4
SYN030,4,2026-01-15 19:35:00,silent_prayer,24,2.9,0.7,5,2.8,4.0,3.9,1.6,3.4,4.5,4.9,3.1,4.8,6.1
SYN030,5,2026-01-16 21:18:00,worship,30,4.8,5.7,0,5.5,5.8,4.3,5.6,4.7,6.0,4.0,6.0,5.8,8.7
SYN030,6,2026-01-17 20:38:00,communal_prayer,43,4.9,3.1,1,5.7,4.7,5.4,7.8,5.7,4.7,4.3,6.0,5.8,6.6
SYN030,8,2026-01-19 20:27:00,scripture_reflection,25,2.0,1.9,1,1.3,1.7,2.0,2.2,4.4,2.5,6.2,4.7,2.9,5.7
SYN030,9,2026-01-20 19:56:00,silent_prayer,20,3.3,2.8,3,4.1,4.1,2.9,3.9,4.5,2.0,4.4,5.3,3.9,7.3
SYN030,10,2026-01-21 19:28:00,silent_prayer,7,3.8,3.6,0,5.5,3.7,4.6,4.5,4.2,1.8,4.9,4.4,4.9,7.3
SYN030,12,2026-01-23 21:35:00,worship,18,4.6,2.6,1,6.4,5.3,5.1,6.5,4.5,2.4,2.7,7.1,5.4,5.9
SYN030,14,2026-01-25 20:21:00,worship,41,4.9,3.2,0,4.4,5.0,3.9,5.1,4.5,6.5,6.6,4.1,5.5,7.7
SYN030,15,2026-01-26 19:41:00,silent_prayer,21,4.6,4.7,0,4.9,4.0,5.2,4.2,4.1,2.7,4.9,6.1,4.9,6.6
SYN030,16,2026-01-27 18:34:00,scripture_reflection,11,4.4,3.0,0,4.7,4.5,6.3,4.4,4.9,4.7,3.6,5.5,5.6,5.6
SYN030,17,2026-01-28 20:10:00,none,0,2.4,2.5,0,4.8,3.1,3.2,4.3,2.2,3.5,3.9,6.1,4.1,4.7
SYN030,18,2026-01-29 18:36:00,communal_prayer,23,4.3,3.7,3,4.4,4.3,5.3,5.2,3.0,4.7,2.0,6.1,4.1,5.7
SYN030,19,2026-01-30 19:54:00,scripture_reflection,26,5.9,4.8,0,4.2,5.7,6.9,3.6,3.5,3.1,5.9,4.7,4.8,7.9
SYN030,20,2026-01-31 19:15:00,none,0,2.0,1.9,0,6.5,3.9,2.2,4.7,5.9,4.0,2.0,5.1,4.7,5.3
SYN030,21,2026-02-01 19:59:00,silent_prayer,15,5.0,7.2,2,7.6,3.5,4.8,6.9,4.9,4.4,2.5,7.6,6.4,6.7
SYN031,1,2026-01-12 20:04:00,worship,6,4.8,5.7,2,4.0,6.0,5.1,5.4,4.3,4.7,4.0,3.3,4.6,5.9
SYN031,2,2026-01-13 20:13:00,scripture_reflection,22,4.2,3.1,2,2.0,4.7,4.3,3.9,2.3,3.1,2.6,4.0,2.8,6.5
SYN031,3,2026-01-14 21:00:00,none,0,4.0,3.3,0,5.6,4.7,4.6,4.2,2.3,5.1,2.6,4.4,5.0,6.0
SYN031,4,2026-01-15 20:47:00,none,0,3.0,6.6,5,1.6,3.4,2.7,4.5,2.3,3.7,5.9,3.4,3.0,7.3
SYN031,5,2026-01-16 20:14:00,communal_prayer,54,5.0,2.0,5,5.5,6.6,2.3,7.2,4.2,5.3,2.4,4.6,4.9,5.2
SYN031,6,2026-01-17 20:39:00,worship,25,3.7,6.3,3,4.2,3.3,5.1,6.1,2.8,5.0,2.2,4.1,5.8,7.0
SYN031,7,2026-01-18 19:41:00,none,0,2.3,2.9,0,4.4,3.7,5.0,2.8,2.3,4.7,4.4,4.8,2.6,5.2
SYN031,8,2026-01-19 19:20:00,silent_prayer,26,3.8,4.5,1,3.0,4.3,4.2,4.3,3.7,2.8,4.8,4.1,3.1,7.4
SYN031,9,2026-01-20 19:57:00,silent_prayer,16,3.4,2.9,3,5.4,2.1,5.7,4.0,2.6,2.5,2.9,5.7,5.5,6.5
SYN031,11,2026-01-22 20:33:00,scripture_reflection,18,2.1,2.7,0,3.6,3.6,4.2,3.7,4.6,4.6,2.6,5.3,5.3,7.5
SYN031,12,2026-01-23 19:45:00,none,0,3.3,3.9,1,4.4,0.0,3.0,2.8,4.2,3.2,3.1,7.0,3.8,7.8
SYN031,13,2026-01-24 20:07:00,silent_prayer,18,2.0,1.9,0,3.2,0.3,2.9,2.8,4.0,0.2,2.5,3.8,4.6,6.7
SYN031,14,2026-01-25 19:36:00,communal_prayer,39,4.0,4.2,1,4.9,5.8,6.8,3.0,3.9,4.1,1.4,5.4,6.1,6.2
SYN031,15,2026-01-26 19:58:00,worship,34,5.3,5.7,0,5.7,4.2,5.1,6.2,4.7,7.1,1.2,6.4,5.5,6.3
SYN031,17,2026-01-28 20:53:00,none,0,2.7,4.7,0,4.0,2.5,5.1,2.1,4.1,2.4,5.3,4.9,4.9,6.9
SYN031,18,2026-01-29 20:12:00,none,0,1.4,0.4,0,2.5,1.5,3.3,4.2,4.2,5.8,4.4,5.1,4.7,6.7
SYN031,19,2026-01-30 19:02:00,communal_prayer,33,6.7,8.7,1,6.0,6.7,5.6,7.9,4.4,6.7,1.0,5.8,4.8,6.7
SYN031,20,2026-01-31 19:51:00,scripture_reflection,39,2.4,2.9,5,4.9,4.6,2.7,4.1,2.0,4.0,1.4,6.1,4.7,7.2
SYN031,21,2026-02-01 20:22:00,scripture_reflection,30,5.0,4.4,2,6.7,3.8,6.4,6.9,3.6,4.1,2.7,4.2,4.5,5.9
SYN032,1,2026-01-12 20:25:00,none,0,3.1,0.8,1,3.8,2.7,3.0,5.0,5.8,6.3,5.4,3.9,3.8,6.6
SYN032,2,2026-01-13 19:50:00,worship,40,5.1,5.2,1,6.4,5.0,4.9,5.8,3.1,8.3,0.3,6.1,5.9,7.4
SYN032,3,2026-01-14 20:55:00,worship,37,3.1,5.1,1,4.5,2.8,3.6,2.5,5.3,6.6,5.7,5.1,4.2,6.9
SYN032,4,2026-01-15 19:03:00,none,0,4.3,3.7,8,6.8,3.9,5.3,4.8,4.6,4.7,1.7,5.6,4.5,7.9
SYN032,6,2026-01-17 20:21:00,worship,29,5.3,3.9,2,6.3,6.1,5.7,6.0,5.8,6.3,3.2,5.3,5.6,6.9
SYN032,7,2026-01-18 19:39:00,communal_prayer,24,4.3,2.4,6,4.1,5.1,5.5,5.3,2.7,5.3,2.9,3.2,4.4,6.3
SYN032,9,2026-01-20 21:29:00,none,0,4.3,3.5,1,4.7,4.0,4.7,4.1,4.9,4.5,5.1,4.7,4.1,7.2
SYN032,10,2026-01-21 19:43:00,none,0,3.3,3.7,4,5.5,2.8,4.9,4.1,3.6,5.7,6.1,5.1,4.3,5.7
SYN032,11,2026-01-22 18:39:00,communal_prayer,33,4.4,3.5,0,7.3,5.1,6.3,5.4,2.6,5.1,2.4,5.1,5.1,7.6
SYN032,12,2026-01-23 20:04:00,communal_prayer,27,5.6,4.3,0,7.6,7.5,6.1,6.0,3.9,4.4,0.4,6.9,4.9,7.9
SYN032,13,2026-01-24 20:42:00,communal_prayer,50,4.5,2.6,2,6.3,4.9,5.5,6.4,5.1,3.7,2.6,6.0,3.1,6.0
SYN032,14,2026-01-25 19:44:00,silent_prayer,11,3.7,2.2,0,5.2,3.2,4.4,5.2,2.0,4.7,4.0,5.0,5.5,8.4
SYN032,15,2026-01-26 20:12:00,silent_prayer,20,4.5,4.2,2,4.6,3.8,5.8,7.1,1.9,2.9,3.0,5.3,4.1,8.3
SYN032,16,2026-01-27 20:30:00,silent_prayer,15,3.3,3.8,0,5.1,3.5,4.7,4.3,1.7,3.4,2.2,6.7,5.1,6.4
SYN032,17,2026-01-28 19:23:00,none,0,4.0,1.1,2,3.9,4.3,3.5,4.6,3.6,1.7,5.6,3.7,4.3,8.3
SYN032,18,2026-01-29 19:33:00,scripture_reflection,13,3.0,3.4,0,4.8,3.9,4.0,5.5,0.9,3.6,3.3,5.0,3.2,4.4
SYN032,19,2026-01-30 20:18:00,communal_prayer,27,2.9,2.7,0,4.8,4.9,3.8,4.7,3.0,5.4,4.3,4.0,3.5,6.7
SYN032,20,2026-01-31 19:30:00,worship,30,4.3,3.1,6,3.6,6.2,7.0,5.0,4.1,5.3,3.5,4.8,4.6,7.7
SYN032,21,2026-02-01 19:30:00,silent_prayer,16,1.0,1.3,2,1.5,1.5,1.4,1.8,3.2,4.6,5.2,4.6,3.3,6.8
SYN033,1,2026-01-12 21:08:00,silent_prayer,23,4.7,3.5,0,3.7,4.0,5.7,4.0,5.7,3.9,6.7,2.2,4.5,7.4
SYN033,2,2026-01-13 19:47:00,communal_prayer,48,4.8,5.8,2,3.5,5.7,3.9,5.9,3.7,6.1,6.8,2.8,4.9,7.6
SYN033,3,2026-01-14 19:55:00,scripture_reflection,33,4.9,7.2,0,4.6,4.2,6.2,4.3,2.8,4.0,3.4,5.6,4.6,7.5
SYN033,4,2026-01-15 20:40:00,worship,25,4.9,3.9,2,3.9,6.2,7.2,2.9,4.3,4.7,7.4,2.4,5.2,7.1
SYN033,5,2026-01-16 20:06:00,none,0,5.7,4.7,1,6.2,4.4,5.3,4.3,4.8,5.4,6.4,2.1,4.0,6.9
SYN033,6,2026-01-17 18:53:00,worship,18,5.0,3.1,1,6.8,5.5,3.6,7.9,5.1,3.5,3.5,6.0,5.0,7.4
SYN033,7,2026-01-18 20:01:00,worship,43,4.0,5.7,1,3.7,4.9,4.6,3.8,2.9,6.5,7.2,3.5,4.5,6.9
SYN033,8,2026-01-19 19:57:00,scripture_reflection,27,5.7,6.6,0,4.7,5.0,7.7,3.7,4.7,6.0,6.8,4.8,4.2,6.3
SYN033,10,2026-01-21 20:18:00,silent_prayer,3,4.8,4.2,0,4.5,4.0,5.6,6.0,4.7,3.9,5.8,2.5,3.0,7.7
SYN033,11,2026-01-22 18:17:00,none,0,5.6,3.2,1,4.2,4.7,5.8,4.8,5.9,3.9,5.9,4.6,2.9,8.1
SYN033,12,2026-01-23 19:52:00,scripture_reflection,14,6.0,6.4,9,6.1,7.3,5.9,7.4,4.9,5.0,2.1,4.9,6.9,6.8
SYN033,13,2026-01-24 21:12:00,none,0,6.6,6.0,4,6.6,5.0,6.9,5.6,5.1,5.8,4.5,6.1,5.0,8.5
SYN033,14,2026-01-25 19:29:00,scripture_reflection,18,4.9,6.6,1,3.6,4.2,7.0,2.4,3.2,6.8,7.7,1.1,2.9,5.8
SYN033,15,2026-01-26 20:08:00,silent_prayer,20,5.6,4.6,0,5.3,4.6,4.4,5.3,5.4,3.4,3.0,3.5,5.3,7.9
SYN033,16,2026-01-27 19:28:00,none,0,3.9,2.4,8,4.9,5.1,3.5,4.4,2.6,3.6,6.4,4.1,3.9,7.3
SYN033,17,2026-01-28 19:40:00,communal_prayer,28,6.9,5.1,4,6.0,7.3,6.1,7.5,4.4,5.6,4.0,5.8,4.8,5.1
SYN033,18,2026-01-29 19:20:00,none,0,5.1,2.3,0,6.9,4.8,5.5,8.0,3.1,4.4,3.6,5.4,3.2,8.0
SYN033,20,2026-01-31 19:33:00,scripture_reflection,14,6.3,6.0,0,6.5,5.1,5.3,7.7,5.4,3.1,3.9,5.7,4.3,5.6
SYN033,21,2026-02-01 19:49:00,worship,32,5.4,3.0,2,4.2,6.1,5.4,6.2,2.8,8.5,4.8,5.4,3.7,6.2
SYN034,1,2026-01-12 20:39:00,scripture_reflection,24,5.0,4.0,5,4.3,4.0,3.9,3.5,1.4,3.6,4.5,5.0,3.6,8.1
SYN034,2,2026-01-13 19:04:00,worship,30,6.0,4.2,3,5.2,5.9,4.9,6.9,4.6,4.1,0.1,5.9,5.3,6.8
SYN034,3,2026-01-14 19:35:00,silent_prayer,16,5.6,3.9,2,5.8,4.6,7.4,7.2,2.7,3.1,0.0,4.1,5.8,7.0
SYN034,4,2026-01-15 18:40:00,silent_prayer,17,5.3,6.3,3,6.5,5.4,6.3,5.2,3.8,4.5,3.1,5.7,4.2,6.6
SYN034,5,2026-01-16 20:59:00,communal_prayer,32,5.7,2.3,0,6.4,5.7,6.1,8.3,4.6,6.3,1.0,6.1,5.4,6.8
SYN034,7,2026-01-18 19:42:00,silent_prayer,29,4.3,3.8,0,5.5,3.8,4.3,4.7,5.0,4.9,3.2,4.6,5.7,7.0
SYN034,8,2026-01-19 19:13:00,worship,23,6.0,5.4,2,4.9,5.7,6.3,5.9,5.0,5.4,1.4,5.7,4.7,7.4
SYN034,9,2026-01-20 20:02:00,scripture_reflection,12,5.0,7.1,0,5.4,3.8,5.3,6.5,5.3,2.8,0.0,5.7,4.4,7.6
SYN034,11,2026-01-22 20:22:00,communal_prayer,39,6.1,5.1,7,5.1,5.4,7.0,6.4,5.9,5.2,0.5,5.8,7.0,9.3
SYN034,13,2026-01-24 20:00:00,communal_prayer,19,4.9,4.5,9,4.3,5.9,7.2,4.7,4.6,4.6,3.5,5.4,4.4,6.9
SYN034,14,2026-01-25 21:26:00,scripture_reflection,26,7.1,4.8,6,6.5,7.7,7.1,8.0,5.4,2.3,0.0,6.4,8.2,6.1
SYN034,15,2026-01-26 19:57:00,communal_prayer,50,4.9,2.0,0,6.5,3.8,5.0,4.7,3.2,4.8,3.0,6.9,5.2,5.7
SYN034,16,2026-01-27 20:16:00,silent_prayer,3,5.5,5.8,5,5.7,3.6,2.9,6.2,3.7,2.2,1.4,5.9,5.5,8.0
SYN034,17,2026-01-28 19:22:00,silent_prayer,3,1.9,3.8,1,1.9,0.9,4.0,0.9,3.6,3.1,4.2,5.9,2.8,7.2
SYN034,18,2026-01-29 21:13:00,scripture_reflection,17,6.1,4.3,4,4.0,6.8,6.7,5.8,4.7,3.2,1.1,4.8,3.6,5.8
SYN034,19,2026-01-30 19:10:00,silent_prayer,27,5.2,2.4,1,5.1,6.6,6.3,4.6,3.8,3.3,2.7,6.9,3.7,8.4
SYN034,20,2026-01-31 19:56:00,worship,30,5.2,6.0,3,6.8,7.9,5.7,7.2,2.8,2.7,0.0,6.0,5.5,6.5
SYN034,21,2026-02-01 21:40:00,worship,36,5.2,3.6,2,4.6,7.0,6.9,3.3,4.4,5.0,5.5,4.6,4.1,6.8
SYN035,1,2026-01-12 20:17:00,communal_prayer,33,4.4,2.1,0,4.2,4.4,3.3,5.9,3.7,4.7,3.7,4.1,4.1,7.7
SYN035,2,2026-01-13 20:10:00,worship,48,5.7,4.4,5,6.5,6.3,5.8,6.7,3.2,8.3,2.7,5.6,5.9,7.2
SYN035,3,2026-01-14 21:13:00,none,0,5.5,4.1,0,4.9,5.8,5.3,6.3,4.9,5.0,3.8,4.9,5.4,8.7
SYN035,4,2026-01-15 19:11:00,none,0,4.4,3.5,0,4.6,5.6,4.1,5.0,5.2,4.6,2.8,4.1,4.3,5.9
SYN035,5,2026-01-16 19:51:00,none,0,4.0,5.0,2,3.3,4.6,4.7,4.4,2.7,5.0,3.8,2.9,2.6,8.8
SYN035,7,2026-01-18 18:17:00,worship,42,5.9,6.4,0,7.3,6.8,5.9,5.6,6.9,7.1,0.9,8.9,8.3,7.8
SYN035,8,2026-01-19 19:36:00,scripture_reflection,19,6.5,7.4,0,6.4,4.5,5.2,7.8,4.7,6.0,0.2,7.3,6.5,6.4
SYN035,9,2026-01-20 20:27:00,communal_prayer,40,5.9,5.1,1,7.2,6.6,4.5,5.7,7.0,6.4,2.3,4.4,7.6,7.5
SYN035,10,2026-01-21 20:20:00,scripture_reflection,23,4.0,4.0,0,3.2,3.1,6.1,4.0,3.3,3.6,5.8,4.4,2.8,6.4
SYN035,12,2026-01-23 20:38:00,worship,19,3.1,4.6,0,2.8,3.6,4.4,2.2,4.7,7.0,6.5,3.2,3.7,6.3
SYN035,13,2026-01-24 18:36:00,worship,27,7.5,5.1,2,8.2,7.7,7.8,7.8,6.4,6.6,2.4,6.3,6.2,6.6
SYN035,14,2026-01-25 19:31:00,scripture_reflection,43,5.7,6.1,4,7.6,4.7,6.1,7.7,5.9,3.2,2.4,6.3,6.1,9.0
SYN035,17,2026-01-28 19:25:00,silent_prayer,23,5.7,3.5,0,6.5,5.7,6.9,5.6,5.2,4.3,2.3,6.2,5.8,6.3
SYN035,18,2026-01-29 20:10:00,silent_prayer,25,5.9,4.5,7,7.0,3.1,7.5,7.2,1.6,1.8,1.5,6.7,6.0,6.6
SYN035,19,2026-01-30 18:38:00,worship,23,8.2,4.6,14,8.9,6.9,10.0,8.7,6.2,5.3,0.0,8.1,5.9,6.9
SYN035,20,2026-01-31 20:00:00,silent_prayer,28,5.5,4.6,0,6.7,6.6,5.9,5.7,4.9,5.5,1.8,7.2,7.4,5.6
SYN035,21,2026-02-01 19:46:00,communal_prayer,28,5.8,4.7,0,5.6,5.4,5.0,6.0,4.3,5.6,2.8,6.6,5.4,8.4
SYN036,1,2026-01-12 19:31:00,worship,29,4.7,2.6,9,4.1,4.0,5.0,5.1,3.7,5.1,2.8,3.4,4.1,6.2
SYN036,2,2026-01-13 21:18:00,none,0,3.7,3.3,1,5.2,3.6,2.7,4.2,5.0,4.4,2.2,4.6,3.6,7.1
SYN036,3,2026-01-14 19:52:00,none,0,6.7,4.0,5,7.0,6.5,6.2,6.7,4.8,5.0,3.3,4.1,5.6,6.1
SYN036,5,2026-01-16 20:28:00,silent_prayer,18,4.5,5.9,2,5.4,3.0,5.0,6.3,5.0,4.6,2.3,5.0,5.0,7.4
SYN036,6,2026-01-17 21:17:00,scripture_reflection,18,3.9,6.0,6,4.7,2.9,3.8,4.4,4.2,4.1,2.5,3.5,4.9,7.3
SYN036,7,2026-01-18 20:27:00,silent_prayer,25,4.5,1.5,4,4.6,4.9,4.9,4.9,3.3,3.2,4.2,4.2,4.9,6.0
SYN036,8,2026-01-19 21:18:00,scripture_reflection,24,4.3,4.2,0,4.2,4.9,3.7,4.6,3.9,3.1,2.9,3.1,5.2,6.5
SYN036,9,2026-01-20 19:28:00,silent_prayer,3,5.9,3.1,1,4.9,3.6,6.9,5.4,3.9,4.5,2.5,5.6,4.5,7.5
SYN036,10,2026-01-21 19:12:00,none,0,2.1,3.4,0,3.0,1.7,3.2,1.7,2.3,4.7,5.0,4.9,4.3,5.8
SYN036,11,2026-01-22 19:33:00,silent_prayer,25,5.6,5.1,2,4.9,5.9,7.0,6.4,4.1,2.9,3.1,4.6,4.1,6.6
SYN036,12,2026-01-23 20:15:00,scripture_reflection,28,5.0,4.1,2,4.3,4.2,5.3,6.2,4.2,4.4,3.2,5.4,4.9,6.5
SYN036,13,2026-01-24 20:08:00,worship,34,7.0,3.7,3,7.2,8.4,6.1,6.1,5.5,5.3,2.0,6.6,6.3,6.7
SYN036,14,2026-01-25 19:00:00,communal_prayer,50,5.3,4.5,0,5.6,5.9,3.9,5.1,6.6,5.9,3.0,7.0,5.8,6.1
SYN036,16,2026-01-27 19:12:00,none,0,3.1,2.2,7,5.1,3.6,3.0,3.9,5.8,3.3,1.8,5.0,5.8,7.4
SYN036,17,2026-01-28 19:30:00,worship,38,4.3,1.3,2,5.2,4.7,6.9,4.4,4.7,6.1,2.7,6.7,5.1,7.5
SYN036,18,2026-01-29 19:02:00,worship,6,6.3,5.5,2,6.1,7.3,6.3,6.8,5.4,6.3,2.6,7.8,4.8,7.2
SYN036,19,2026-01-30 18:56:00,scripture_reflection,33,3.7,3.0,0,3.9,4.4,5.6,6.3,3.6,3.2,2.9,5.1,3.8,6.7
SYN036,21,2026-02-01 19:35:00,worship,34,6.3,6.2,6,6.5,7.0,8.5,4.6,3.9,4.2,3.1,5.7,5.1,7.1
